shape,rid,role,text,slug,note,processor_flagged
"H1 homograph list / stray comma","A00883","headword","אוּרְיָה  I, II","אוריה-I,-II","cross-reference to two homographs","true"
"H1 homograph list / stray comma","A02356","headword","אִסְטְוָוא  I, II,","אסטווא-I,-II,","cross-reference to two homographs","true"
"H1 homograph list / stray comma","B00098","headword","בַּד  V","בד-V","double space","true"
"H1 homograph list / stray comma","B00407","headword","בְּזָא  I, II,","בזא-I,-II,","cross-reference to two homographs","true"
"H1 homograph list / stray comma","B00443","headword","בִּזְיוּנָא , II","בזיונא-,-II","stray comma","true"
"H1 homograph list / stray comma","C00329","headword","גַּוָּוזָא , II","גווזא-,-II","stray comma","true"
"H1 homograph list / stray comma","D00844","headword","דִּלְמָא  I, II,","דלמא-I,-II,","cross-reference to two homographs","true"
"H1 homograph list / stray comma","E00508","headword","הָכֵין  I, II","הכין-I,-II","cross-reference to two homographs","true"
"H1 homograph list / stray comma","G00675","headword","זָרָה  I, II","זרה-I,-II","cross-reference to two homographs","true"
"H1 homograph list / stray comma","M00447","headword","מוֹזְלָא , I","מוזלא-,-I","stray comma","true"
"H2 parentheses","A00610","headword","*(אוזפיה)","*(אוזפיה)","paren-whole","true"
"H2 parentheses","A01394","alt","אֵינָשׁ) אִינְשָׁא","אינש","paren-unbalanced","true"
"H2 parentheses","A01480","alt","אִיסְפְּלָנִית(א)","איספלידא","paren-optional-letters","true"
"H2 parentheses","G00374","headword","(זִימְרָא","(זימרא","paren-unbalanced","true"
"H2 parentheses","L00587","headword","(לִסְטֵם","(לסטם","paren-unbalanced","true"
"H2 parentheses","P00223","headword","(עוּזְרָד","(עוזרד","paren-unbalanced","true"
"H2 parentheses","P00224","headword","(עוּזְרָד ²","(עוזרד-²","paren-unbalanced","true"
"H2 parentheses","Q00370","headword","(פורסישמנג","(פורסישמנג","paren-unbalanced","true"
"H2 parentheses","S00099","headword","(קְבַרְיָא)","(קבריא)","paren-whole","true"
"H2 parentheses","S01421","headword","(קַלְקַנְתּוּם","(קלקנתום","paren-unbalanced","true"
"H2 parentheses","S01624","headword","(קנתור)","(קנתור)","paren-whole","true"
"H3 query mark","A00077","alt","?אִיבּוּס","אבוס","","true"
"H3 query mark","B00825","headword","*(?)בַּלְוָוטִי","*(?)בלווטי","","true"
"H4 ""="" variant pair","A01175","headword","אִידְרְעָא = אֶדְרְעָא","אידרעא-=-אדרעא","","true"
"H4 ""="" variant pair","A01345","headword","אִימְנוֹן = הִמְנוֹן","אימנון-=-המנון","","true"
"H5 ellipsis fragment","J00288","alt","… דַי","יחידי-2","","true"
"H5 ellipsis fragment","K00798","alt","… יהִים","כמיהות","","true"
"H5 ellipsis fragment","K00798","alt","… יהִין","כמיהות","","true"
"H5 ellipsis fragment","M00297","alt","… תָּה","מדינתא","","true"
"H5 ellipsis fragment","M00997","alt","… סָה","מטכסא-2","","true"
"H5 ellipsis fragment","N01089","alt","… יָיה","נפתי","","true"
"H5 ellipsis fragment","O00394","alt","… טָה","סופיסטא","","true"
"H5 ellipsis fragment","S00469","alt","ק … טִינֵי","קוסטנטינא","","true"
"H6 multi-word","A00116","alt","בַּר אַבְיוּ","אביו","phrase containing headword","true"
"H6 multi-word","A00121","alt","בֵּי אֶבְיוֹנֵי","אביוני","phrase containing headword","true"
"H6 multi-word","A00148","alt","אַבְיַת ישימון","אבית","phrase containing headword","true"
"H6 multi-word","A00434","alt","אַדְנֵי הַשָּׂדֶה","אדני-2","phrase containing headword","true"
"H6 multi-word","A00436","headword","אדני מריונים","אדני-מריונים","other phrase","true"
"H6 multi-word","A00720","alt","נקיס אונא","אונא-2","phrase containing headword","true"
"H6 multi-word","A00732","alt","אוֹנוֹס קִטְמִין","אונוס-2","phrase containing headword","true"
"H6 multi-word","A00742","alt","בית אוּנְיָיקִי","אונייקי","phrase containing headword","true"
"H6 multi-word","A01035","alt","כְּפַר אַחִים","אחים","phrase containing headword","true"
"H6 multi-word","A01126","alt","כפר איבּוּס","איבוס-2","phrase containing headword","true"
"H6 multi-word","A01161","alt","אַיְידָא אֵידָא","אידין","other phrase","true"
"H6 multi-word","A01479","alt","קומיס איספיסריאון","איספיסריאון","phrase containing headword","true"
"H6 multi-word","A01674","alt","כפר אִכּוּם","אכום","phrase containing headword","true"
"H6 multi-word","A01741","alt","אכסניי פרכא","אכסניי","phrase containing headword","true"
"H6 multi-word","A01881","headword","בֵּי אֱלִישָׁפָט","בי-אלישפט","other phrase","true"
"H6 multi-word","A02002","headword","כְּפַר א׳ אָמוּס","כפר-א׳-אמוס","abbrev+word","true"
"H6 multi-word","A02006","alt","בר אמוראי","אמוראי","phrase containing headword","true"
"H6 multi-word","A02120","alt","בַּר אַנְדְּרַאי","אנדראי","phrase containing headword","true"
"H6 multi-word","A02160","alt","בית אַנְטְבִילָא","אנטבילא","phrase containing headword","true"
"H6 multi-word","A02666","alt","אפי בלסמון","אפי-1","phrase containing headword","true"
"H6 multi-word","A02694","alt","סָר אָפִיס","אפיס","phrase containing headword","true"
"H6 multi-word","A02734","alt","קרן אָפֵל","אפל-4","phrase containing headword","true"
"H6 multi-word","A02892","alt","אֹצְרוֹת רוח","אצרות","phrase containing headword","true"
"H6 multi-word","A03073","alt","ארטל ליפרן","ארטל","phrase containing headword","true"
"H6 multi-word","A03391","alt","א״ת ב״ש","א״ת","phrase containing headword","true"
"H6 multi-word","B00050","alt","בַּב נַהֲרָא","בב-2","phrase containing headword","true"
"H6 multi-word","B00071","alt","בֶּן בַּג בַּג","בג","phrase containing headword","true"
"H6 multi-word","B00322","alt","בֵּית בּוּקְיָא","בוקיא","phrase containing headword","true"
"H6 multi-word","B00379","alt","נהר בּוּרְנִיץ","בורניץ","phrase containing headword","true"
"H6 multi-word","B00442","alt","בֵּי זְיוּנָא","בזיונא-2","other phrase","true"
"H6 multi-word","B00442","alt","בֵּי זְיָינָא","בזיונא-2","other phrase","true"
"H6 multi-word","B00506","alt","בֶּן בַּטִּיחַ","בטיח","phrase containing headword","true"
"H6 multi-word","B00531","alt","בֵּי בָּטְנִיתָא","בטניתא","phrase containing headword","true"
"H6 multi-word","B00741","alt","כְּפַר בִּישׁ","ביש-2","phrase containing headword","true"
"H6 multi-word","B00780","alt","בַּעַל בְּכִי","בכי-5","phrase containing headword","true"
"H6 multi-word","B00780","alt","עֵין בְּכִי","בכי-5","phrase containing headword","true"
"H6 multi-word","B00864","alt","בְּלִי מָה","בלימה","other phrase","true"
"H6 multi-word","B00874","alt","בֵּי בְּלִיעֵי","בליעי","phrase containing headword","true"
"H6 multi-word","B00922","alt","בית בַּלְתִּי","בלתי","phrase containing headword","true"
"H6 multi-word","B00924","alt","סֵפֶר בְּמִדְבַּר","במדבר","phrase containing headword","true"
"H6 multi-word","B01098","alt","עֲלֵי בְּצָלִים","בצלים","phrase containing headword","true"
"H6 multi-word","B01196","alt","בֵּי בָּרוּךְ","ברוך","phrase containing headword","true"
"H6 multi-word","B01209","alt","בְּרוֹר חַיִל","ברור-3","phrase containing headword","true"
"H6 multi-word","B01209","alt","בְּרוֹר חֵיל","ברור-3","phrase containing headword","true"
"H6 multi-word","B01235","alt","בֵּי בֵּרַי","ברי-1","phrase containing headword","true"
"H6 multi-word","B01271","alt","רם בָּרִין","ברין-2","phrase containing headword","true"
"H6 multi-word","B01281","alt","פילי בריש","בריש","phrase containing headword","true"
"H6 multi-word","B01312","alt","בֵּי בַּרְצִיתָא","ברציתא","phrase containing headword","true"
"H6 multi-word","B01316","alt","בְּנֵי בְּרַק","ברק-4","phrase containing headword","true"
"H6 multi-word","B01340","alt","בְּרַת חווּרן","ברת-2","phrase containing headword","true"
"H6 multi-word","C00060","alt","כפר גבור חיל","גבור-2","phrase containing headword","true"
"H6 multi-word","C00063","alt","כפר גבוריא","גבוריא","phrase containing headword","true"
"H6 multi-word","C00078","alt","גַּבְיָא גילא","גביא-3","phrase containing headword","true"
"H6 multi-word","C00515","alt","בַּר גַּזָּא","גזא-1","phrase containing headword","true"
"H6 multi-word","C00517","headword","גזא דפטי","גזא-דפטי","other phrase","true"
"H6 multi-word","C00667","alt","בר גִּיּוֹרֵי","גיורי","phrase containing headword","true"
"H6 multi-word","C00763","alt","גּיניאך טַעֲוָותָא","גיניאך","phrase containing headword","true"
"H6 multi-word","C00851","alt","גלא קסינון","גלא-3","phrase containing headword","true"
"H6 multi-word","C01013","alt","בַּר גַּמְזָא","גמזא","phrase containing headword","true"
"H6 multi-word","C01224","alt","ג״ר ד״ק","ג״ר","phrase containing headword","true"
"H6 multi-word","C01291","alt","בַּר גְּרוֹגְרוֹת","גרוגרות","phrase containing headword","true"
"H6 multi-word","C01358","alt","דינא דגְּרָמֵי","גרמי","other phrase","true"
"H6 multi-word","D00004","alt","דא דא","דא-2","two forms / reduplication","true"
"H6 multi-word","D00300","alt","דונה טיבה","דונה","phrase containing headword","true"
"H6 multi-word","D00644","alt","נהר דִּינוּר","דינור","phrase containing headword","true"
"H6 multi-word","D00830","alt","בר דליא","דליא","phrase containing headword","true"
"H6 multi-word","D00983","alt","דצ״ך עד״ש באח״ב","דצ״ך","phrase containing headword","true"
"H6 multi-word","D01080","alt","בֵּי דָ׳","דרי-3","abbrev+word","true"
"H6 multi-word","E00007","alt","הֵא הֵא","הא-3","two forms / reduplication","true"
"H6 multi-word","E00032","alt","בַּר חָבוּ","הבו","other phrase","true"
"H6 multi-word","E00114","alt","בַּר הֲדָיָא","הדיא-2","phrase containing headword","true"
"H6 multi-word","E00114","alt","בֶּן הֲדָיָא","הדיא-2","phrase containing headword","true"
"H6 multi-word","E00295","alt","הז״יו ל״ך","הז״יו","phrase containing headword","true"
"H6 multi-word","E00456","alt","בית הִינוּ","הינו-1","phrase containing headword","true"
"H6 multi-word","E00590","alt","בֵּית הַמְגַּנְיָא","המגניא","phrase containing headword","true"
"H6 multi-word","E00592","alt","בַּר הַמְדּוּדֵי","המדודי","phrase containing headword","true"
"H6 multi-word","E00593","alt","בר הַמְדּוּרֵי","המדורי","phrase containing headword","true"
"H6 multi-word","E00654","alt","בַּר הֵנַג","הנג","phrase containing headword","true"
"H6 multi-word","F00006","alt","וְאֵלֶּה שְׁמוֹת","ואלה","phrase containing headword","true"
"H6 multi-word","F00058","alt","ווֵול שָׁפָט","וול","other phrase","true"
"H6 multi-word","G00014","alt","בֵּית זַבְדִּין","זבדין","phrase containing headword","true"
"H6 multi-word","G00188","alt","זומי ליסטרא","זומי","phrase containing headword","true"
"H6 multi-word","G00188","alt","זומי לסטרון","זומי","phrase containing headword","true"
"H6 multi-word","G00325","alt","בַּר זִיזָא","זיזא-3","phrase containing headword","true"
"H6 multi-word","G00676","alt","מֶלַח דְּזַרְוַאי","זרואי","other phrase","true"
"H6 multi-word","H00065","alt","חֲבֵיל יַמָּא","חביל-3","phrase containing headword","true"
"H6 multi-word","H00181","alt","בית חֲדוּדוּ","חדודו","phrase containing headword","true"
"H6 multi-word","H00247","alt","בַּר׳ ח׳","חובץ-1","abbrev+word","true"
"H6 multi-word","H00285","alt","בֵּי חוֹזָאֵי","חוזאי","phrase containing headword","true"
"H6 multi-word","H00379","alt","חוֹמֶס סוּבְנִי","חומס-1","phrase containing headword","true"
"H6 multi-word","H00464","alt","בֵּית חוֹרוֹן","חורון-1","phrase containing headword","true"
"H6 multi-word","H00535","alt","כְּפַר חֲזִיז","חזיז-3","phrase containing headword","true"
"H6 multi-word","H00622","alt","כפר חטיאה","חטיאה","phrase containing headword","true"
"H6 multi-word","H00632","alt","כפר חִטַּיָּיה","חטייה","phrase containing headword","true"
"H6 multi-word","H00711","alt","כְּפַר חִיטַּיָּיא","חיטייא","phrase containing headword","true"
"H6 multi-word","H00843","alt","בֵּית חֵיפָה","חיפה-2","phrase containing headword","true"
"H6 multi-word","H00880","alt","בַּר חִירְיָא","חיריא","phrase containing headword","true"
"H6 multi-word","H01065","alt","חֲלִי קוּפְרִי","חליקופרי","other phrase","true"
"H6 multi-word","H01614","alt","כפר חֲרוּבָא","חרובא-2","phrase containing headword","true"
"H6 multi-word","H01657","alt","חַר חַר","חרחר-1","two forms / reduplication","true"
"H6 multi-word","I00020","alt","עֵין טַב","טב-3","phrase containing headword","true"
"H6 multi-word","I00049","alt","כְּפַר טָבִי","טבי-2","phrase containing headword","true"
"H6 multi-word","I00137","alt","טַוְורוֹס אוּמָנוֹס","טוורוס","phrase containing headword","true"
"H6 multi-word","I00158","headword","טְוִיָּיה טְוִיָּה","טוייה-טויה","two forms / reduplication","true"
"H6 multi-word","I00212","alt","בקעת בית טוֹפֶת","טופת","phrase containing headword","true"
"H6 multi-word","I00241","alt","טוּרְנוֹס רופוס","טורנוס-2","phrase containing headword","true"
"H6 multi-word","I00353","alt","טַיְיפָה סַמּוֹקָה","טייפה","phrase containing headword","true"
"H6 multi-word","I00535","alt","טמו ביריא","טמו","phrase containing headword","true"
"H6 multi-word","I00568","alt","טַן דּוּ","טנדו","other phrase","true"
"H6 multi-word","I00654","headword","טְפֵילָה טְפֵילָא","טפילה-טפילא","two forms / reduplication","true"
"H6 multi-word","I00722","alt","נחל טַרְוַויָּא","טרוויא","phrase containing headword","true"
"H6 multi-word","I00789","alt","טְרִיָיא קוֹנְטָא","טרייא-2","phrase containing headword","true"
"H6 multi-word","J00171","alt","ארכי יודקו","יודקו","phrase containing headword","true"
"H6 multi-word","J00184","alt","בַּר יוֹכָנִי","יוכני","phrase containing headword","true"
"H6 multi-word","J00253","alt","כִּי יוּתָּן","יותן","phrase containing headword","true"
"H6 multi-word","J00432","alt","מַר יָנוּקָא","ינוקא-2","phrase containing headword","true"
"H6 multi-word","J00463","alt","יַיַסֵּי חֳלִי","יסי","other phrase","true"
"H6 multi-word","J00464","alt","יסיח לי","יסיח","phrase containing headword","true"
"H6 multi-word","J00691","alt","בַּר יְשִׁיטָא","ישיטא","phrase containing headword","true"
"H6 multi-word","K00013","alt","כְּאֵי צַד","כאי","phrase containing headword","true"
"H6 multi-word","K00107","headword","כִּדְ׳ כַּדְבוּבָא","כד׳-כדבובא","abbrev+word","true"
"H6 multi-word","K00115","alt","עינבין דכדום","כדום-2","other phrase","true"
"H6 multi-word","K00392","alt","אולו כורסון","כורסון","phrase containing headword","true"
"H6 multi-word","K00392","alt","אולון כורסון","כורסון","phrase containing headword","true"
"H6 multi-word","K00606","alt","בֵּי כֵּיפֵי","כיפי","phrase containing headword","true"
"H6 multi-word","K00629","alt","כִּירַיָּא דבית סכל","כיריא","phrase containing headword","true"
"H6 multi-word","K00699","alt","בֵּי כְּלוּחִית","כלוחית","phrase containing headword","true"
"H6 multi-word","K00851","alt","כַּנְיָא פַּרְוָוא","כניא","phrase containing headword","true"
"H6 multi-word","K01170","alt","כְּרִיסוֹ אַרְגִּירָא","כריסו","phrase containing headword","true"
"H6 multi-word","L00104","alt","עַרְקַת לִבְנָה","לבנה-2","phrase containing headword","true"
"H6 multi-word","L00210","alt","לוודין דקין","לוודין","phrase containing headword","true"
"H6 multi-word","L00253","alt","בר לִוְיָאנוֹס","לויאנוס","phrase containing headword","true"
"H6 multi-word","L00306","alt","בר לוּפְיָינִי","לופייני","phrase containing headword","true"
"H6 multi-word","M00263","alt","מַדְוֵי חיוורא","מדוי-2","phrase containing headword","true"
"H6 multi-word","M00643","alt","הַר הַמּ׳","מוריה","abbrev+word","true"
"H6 multi-word","M00646","alt","שׁוּבְלַיָּיא מוֹרַיָּיא","מורייא","phrase containing headword","true"
"H6 multi-word","M00687","alt","כְּרַךְ מוֹשְׁכִּי","מושכי","phrase containing headword","true"
"H6 multi-word","M00720","alt","מָזְגָּא חַמְרָא","מזגא-5","phrase containing headword","true"
"H6 multi-word","M00910","alt","מָתָא מְחַסְיָא","מחסיא","phrase containing headword","true"
"H6 multi-word","M00943","alt","מְחַרְתָּא דְיַתִּיר","מחרתא","phrase containing headword","true"
"H6 multi-word","M01181","alt","מילי מילה","מילי-2","two forms / reduplication","true"
"H6 multi-word","M01234","alt","מִינְקַת חִיוְיָא","מינקת-2","phrase containing headword","true"
"H6 multi-word","M01299","alt","מִירִי מִירְיָאדִין","מירי","two forms / reduplication","true"
"H6 multi-word","M01502","alt","בֵּית מִלְוָון","מלוון","phrase containing headword","true"
"H6 multi-word","M01528","alt","מִגְּדַּל מַלְחָא","מלחא-3","phrase containing headword","true"
"H6 multi-word","M01713","alt","כְּפַר מַנְדּוּ","מנדו","phrase containing headword","true"
"H6 multi-word","M01752","alt","כפר מנורי","מנורי","phrase containing headword","true"
"H6 multi-word","M01768","alt","אֲרַע מִנִּי","מני-1","phrase containing headword","true"
"H6 multi-word","M02116","headword","מַעְיָינָא מַעְיָנָא","מעיינא-מעינא","two forms / reduplication","true"
"H6 multi-word","M02141","alt","מַעֲלַת מְרָא","מעלת","phrase containing headword","true"
"H6 multi-word","M02276","alt","פִּי מְצוּבָה","מצובה-2","phrase containing headword","true"
"H6 multi-word","M02405","alt","בֶּן מְקוֹשֵׁשׁ","מקושש-2","phrase containing headword","true"
"H6 multi-word","M02595","alt","בֵּית מָרוֹן","מרון-2","phrase containing headword","true"
"H6 multi-word","M02868","alt","מְשֵׁיזְבָא מְשֵׁיזִיב","משיזב","two forms / reduplication","true"
"H6 multi-word","M02894","alt","בֵּי מְשָׁכָא","משכא","phrase containing headword","true"
"H6 multi-word","N00057","alt","נִבּוּר חַיִל","נבור","phrase containing headword","true"
"H6 multi-word","N00058","alt","כְּפַר נִבּוּרַיָּא","נבוריא","phrase containing headword","true"
"H6 multi-word","N00496","alt","נחיתי ימא","נחיתי","phrase containing headword","true"
"H6 multi-word","N00541","alt","בַּר נָטוֹזָא","נטוזא","phrase containing headword","true"
"H6 multi-word","N00701","alt","הַר נִיסַּאי","ניסאי","phrase containing headword","true"
"H6 multi-word","N00755","alt","בַּר נִיצוֹר","ניצור","phrase containing headword","true"
"H6 multi-word","N00811","alt","פַּרְעֹה נְכֹה","נכה-3","phrase containing headword","true"
"H6 multi-word","N00892","alt","בֵּית נִמְרָה","נמרה","phrase containing headword","true"
"H6 multi-word","N00928","alt","אתא נסיא","נסיא","phrase containing headword","true"
"H6 multi-word","N01061","alt","בַּר נִפְלֵי","נפלי","phrase containing headword","true"
"H6 multi-word","N01154","alt","נקאני קא","נקאני","phrase containing headword","true"
"H6 multi-word","N01211","alt","בֵּית נְקִיפֵי","נקיפי","phrase containing headword","true"
"H6 multi-word","N01212","alt","נְקִיפְתָּא דְעִיּוֹן","נקיפתא","phrase containing headword","true"
"H6 multi-word","O00302","alt","סוּכּוֹת בְּנוֹת","סוכות","phrase containing headword","true"
"H6 multi-word","O00308","alt","עֵין סוֹכֵר","סוכר","phrase containing headword","true"
"H6 multi-word","O00564","alt","כְּפַר סִיגְנָא","סיגנא-2","phrase containing headword","true"
"H6 multi-word","O00695","alt","סִימוּנָא דְאַגְמָא","סימונא","phrase containing headword","true"
"H6 multi-word","O00713","alt","הַר סִימָנַאי","סימנאי","phrase containing headword","true"
"H6 multi-word","O00746","alt","כְּפַר סִיסַאי","סיסאי","phrase containing headword","true"
"H6 multi-word","O00852","alt","בִּירַת סִירִיקָא","סיריקא","phrase containing headword","true"
"H6 multi-word","O00889","alt","סֻכּוֹת בְּנוֹת","סכות-2","phrase containing headword","true"
"H6 multi-word","O00968","alt","בֵּית סַלּוּנִי","סלוני","phrase containing headword","true"
"H6 multi-word","O01072","alt","אַבָּא סִמּוּקְיָד","סמוקיד","phrase containing headword","true"
"H6 multi-word","O01089","alt","כפר סמיי","סמיי","phrase containing headword","true"
"H6 multi-word","O01232","alt","בַּר סַנִּיגוֹרָא","סניגורא","phrase containing headword","true"
"H6 multi-word","O01341","alt","כְּפַר סִפּוּרַיָּיא","ספורייא","phrase containing headword","true"
"H6 multi-word","O01509","alt","סָר אָפִיס","סר-3","phrase containing headword","true"
"H6 multi-word","O01626","alt","בִּירַת סָרִיקָא","סריקא-2","phrase containing headword","true"
"H6 multi-word","O01669","alt","סרק אני","סרק-8","phrase containing headword","true"
"H6 multi-word","P00137","headword","עָ׳ עַדְיָא","ע׳-עדיא","abbrev+word","true"
"H6 multi-word","P00353","alt","בֵּי עוֹרַבְתִּי","עורבתי","phrase containing headword","true"
"H6 multi-word","P00381","alt","כְּפַר עַוְתָנַאי","עותנאי","phrase containing headword","true"
"H6 multi-word","P00553","alt","עַיְינֵי טַב","עייני","phrase containing headword","true"
"H6 multi-word","P00563","alt","כְּפַר עִיכּוּם","עיכום","phrase containing headword","true"
"H6 multi-word","P00869","alt","בְּנֵי עַמּוֹן","עמון","phrase containing headword","true"
"H6 multi-word","P00890","alt","כְּפַר עֲמִיקוּ","עמיקו","phrase containing headword","true"
"H6 multi-word","P00983","alt","עֲנִיָּה עֲנָתוֹת","עניה-3","phrase containing headword","true"
"H6 multi-word","P00991","alt","כפר ענים","ענים","phrase containing headword","true"
"H6 multi-word","P01166","alt","בֶּן עָקוֹשׁ","עקוש-1","phrase containing headword","true"
"H6 multi-word","P01452","alt","עַרְקַת לִבְנָה","ערקת","phrase containing headword","true"
"H6 multi-word","P01520","alt","בַּר עַשְׁתּוֹר","עשתור","phrase containing headword","true"
"H6 multi-word","Q00005","alt","בֵּית פָּאגֵי","פאגי","phrase containing headword","true"
"H6 multi-word","Q00053","alt","בֵּית פַּגֵּי","פגי-2","phrase containing headword","true"
"H6 multi-word","Q00099","alt","כְּפַר פַּגָּשׁ","פגש-3","phrase containing headword","true"
"H6 multi-word","Q00127","alt","קָקוֹ פְּדִיפְטֵי","פדיפטי","phrase containing headword","true"
"H6 multi-word","Q00248","alt","פּוּם בְּדִיתָא","פומבדיתא","other phrase","true"
"H6 multi-word","Q00326","alt","בני פוקרים","פוקרים","phrase containing headword","true"
"H6 multi-word","Q00436","alt","פז״ר קש״ב","פז״ר","phrase containing headword","true"
"H6 multi-word","Q00494","alt","בַּר פַּטָּא","פטא","phrase containing headword","true"
"H6 multi-word","Q00650","alt","בַּר פְּיָילִי","פיילי-2","phrase containing headword","true"
"H6 multi-word","Q00697","alt","פיליא ביארי","פיליא-2","phrase containing headword","true"
"H6 multi-word","Q00798","alt","בר פִּיקָא","פיקא-3","phrase containing headword","true"
"H6 multi-word","Q00980","alt","פלומי פילון","פלומי","phrase containing headword","true"
"H6 multi-word","Q01039","alt","פַּלְיָא בֵיאָרִי","פליא-2","phrase containing headword","true"
"H6 multi-word","Q01044","alt","טוּרָא פְּלִיגָא","פליגא-2","phrase containing headword","true"
"H6 multi-word","Q01335","alt","בִּקְעַת פַּסְלָן","פסלן","phrase containing headword","true"
"H6 multi-word","Q01377","alt","בַּעַל פְּעוֹר","פעור-2","phrase containing headword","true"
"H6 multi-word","Q01399","alt","נְהַר פּ׳","פפא-2","abbrev+word","true"
"H6 multi-word","Q01492","alt","כְּפַר פְּקִיעִין","פקיעין","phrase containing headword","true"
"H6 multi-word","Q01751","alt","טַוַּור פַּרְזְלָא","פרזלא","phrase containing headword","true"
"H6 multi-word","R00066","alt","מַגְדַּל צַבָּעַיָּא","צבעיא","phrase containing headword","true"
"H6 multi-word","R00066","alt","מַגְדְּלָא דצַבָּעַיָּא","צבעיא","other phrase","true"
"H6 multi-word","R00193","alt","בֵּית צוּלָאֵי","צולאי","phrase containing headword","true"
"H6 multi-word","R00478","alt","בֵּית צַלָּאֵי","צלאי","phrase containing headword","true"
"H6 multi-word","R00569","alt","כְּפַר צֶמַח","צמח-5","phrase containing headword","true"
"H6 multi-word","R00577","alt","צַמְיָיא קַיְיטָא","צמייא","phrase containing headword","true"
"H6 multi-word","R00593","alt","צמר מורייה","צמר-3","phrase containing headword","true"
"H6 multi-word","R00593","alt","צמר מורין","צמר-3","phrase containing headword","true"
"H6 multi-word","R00738","alt","רוּחַ צְרָדָא","צרדא-3","phrase containing headword","true"
"H6 multi-word","S00197","alt","קַדַשׁ נוּנָא","קדש-7","phrase containing headword","true"
"H6 multi-word","S00237","alt","קוֹבְעַיָּא דְעַיְיתָא","קובעיא","phrase containing headword","true"
"H6 multi-word","S00350","alt","קולמז מסיא","קולמז","phrase containing headword","true"
"H6 multi-word","S00352","alt","קולמן מסיא","קולמן","phrase containing headword","true"
"H6 multi-word","S00493","alt","בֵּי קוּפָּאֵי","קופאי","phrase containing headword","true"
"H6 multi-word","S00493","alt","בֵּית קוּפָּאֵי","קופאי","phrase containing headword","true"
"H6 multi-word","S00675","alt","בֵּית קוֹשֵׁשׁ","קושש","phrase containing headword","true"
"H6 multi-word","S00728","alt","כל קטורין","קטורין","phrase containing headword","true"
"H6 multi-word","S00900","alt","בֶּן קִיטּוּנְתָּא","קיטונתא","phrase containing headword","true"
"H6 multi-word","S01237","alt","קְלָא אִילָּן","קלא-5","phrase containing headword","true"
"H6 multi-word","S01238","alt","קלא פנדר","קלא-6","phrase containing headword","true"
"H6 multi-word","S01240","alt","קְלָא אִילָּן","קלאילן","other phrase","true"
"H6 multi-word","S01467","alt","קָמֵי שָׂפָה","קמי-1","phrase containing headword","true"
"H6 multi-word","S01492","alt","בֶּן קַמְצָר","קמצר","phrase containing headword","true"
"H6 multi-word","S01585","alt","עֲלֵי קַנְיָיה","קנייה","phrase containing headword","true"
"H6 multi-word","S01770","alt","בַּר קַפָּרָא","קפרא","phrase containing headword","true"
"H6 multi-word","S01777","alt","קָץ שֶׁקֶר","קץ-1","phrase containing headword","true"
"H6 multi-word","S01862","alt","קָקוֹ פדיפטי","קקו","phrase containing headword","true"
"H6 multi-word","S01914","alt","בַּר קַרְדִּימָא","קרדימא","phrase containing headword","true"
"H6 multi-word","S02058","alt","כְּפַר קִרְיָינוֹס","קריינוס","phrase containing headword","true"
"H6 multi-word","S02108","alt","כְּפַר קַרְנַיִם","קרנים","phrase containing headword","true"
"H6 multi-word","T00399","alt","כְּרַךְ רוּמְקִי","רומקי-1","phrase containing headword","true"
"H6 multi-word","T00566","alt","פּוּנְדְּקָא רְ׳","רטיבתא","abbrev+word","true"
"H6 multi-word","T00781","alt","רָם בָּרִין","רם-2","phrase containing headword","true"
"H6 multi-word","T00782","alt","כִּירִי רָם","רם-3","phrase containing headword","true"
"H6 multi-word","U00036","alt","בר שאן","שאן-1","phrase containing headword","true"
"H6 multi-word","U00037","alt","בֵּית שְׁאָן","שאן-2","phrase containing headword","true"
"H6 multi-word","U00378","alt","שׁוֹט מִישׁוֹט","שוט-7","phrase containing headword","true"
"H6 multi-word","U00513","alt","בֵּית שׁוּפְרֵי","שופרי","phrase containing headword","true"
"H6 multi-word","U00682","alt","צִפַּר שַׁחְפָּא","שחפא-1","phrase containing headword","true"
"H6 multi-word","U00868","alt","כְּפַר שִׁיחַיָּא","שיחיא","phrase containing headword","true"
"H6 multi-word","U01135","alt","שְׂכוֹר בִּזָּאֵי","שכור-1","phrase containing headword","true"
"H6 multi-word","U01196","alt","שַׁל צִיּוֹן","של-2","phrase containing headword","true"
"H6 multi-word","U01257","alt","שְׁלוֹף דּוֹץ","שלוף-1","phrase containing headword","true"
"H6 multi-word","U01385","alt","בֶּן שַׁלְקוּת","שלקות","phrase containing headword","true"
"H6 multi-word","U01649","alt","שעטנ״ז ג״ץ","שעטנ״ז","phrase containing headword","true"
"H6 multi-word","U01693","alt","בֵּית שְׁעָרִים","שערים","phrase containing headword","true"
"H6 multi-word","U01905","alt","מִגְדַּל שׁ׳","שר-1","abbrev+word","true"
"H6 multi-word","U01971","alt","בֵּי שַׁרְיֵי","שריי-1","phrase containing headword","true"
"H6 multi-word","U01977","alt","יַמָּא דשִׁרְיַית","שריית","other phrase","true"
"H6 multi-word","V00085","alt","בֶּן תַּגְלָא","תגלא","phrase containing headword","true"
"H6 multi-word","V00112","alt","בֶּן תַּדָּל","תדל","phrase containing headword","true"
"H6 multi-word","V00190","alt","בַּר תּוּטָנִי","תוטני","phrase containing headword","true"
"H6 multi-word","V00321","alt","בֶּן תּוֹרְתָּא","תורתא-2","phrase containing headword","true"
"H6 multi-word","V00322","alt","בֵּי תּוֹרָתָא","תורתא-3","phrase containing headword","true"
"H6 multi-word","V00379","alt","כְּפַר תַּחֲמִין","תחמין","phrase containing headword","true"
"H6 multi-word","V00566","alt","תְּלָא אִילָּן","תלא-2","phrase containing headword","true"
"H6 multi-word","V00611","alt","בַּר תְּלַמְיוֹן","תלמיון","phrase containing headword","true"
"H6 multi-word","V00690","alt","בֶּן תְּמַלְיוֹן","תמליון","phrase containing headword","true"
"H6 multi-word","V00853","alt","בַּר תַּפְקָן","תפקן","phrase containing headword","true"
"H6 multi-word","V00924","alt","בֵּי תַ׳","תרבו","abbrev+word","true"
"H6 multi-word","V01120","alt","אין תתיה","תתיה","phrase containing headword","true"
"S1 slug carries notation","A00610","slug","*(אוזפיה)","*(אוזפיה)","chars ()*","true"
"S1 slug carries notation","A00883","slug","אוּרְיָה  I, II","אוריה-I,-II","chars ,I","false"
"S1 slug carries notation","A01175","slug","אִידְרְעָא = אֶדְרְעָא","אידרעא-=-אדרעא","chars =","true"
"S1 slug carries notation","A01345","slug","אִימְנוֹן = הִמְנוֹן","אימנון-=-המנון","chars =","true"
"S1 slug carries notation","A02356","slug","אִסְטְוָוא  I, II,","אסטווא-I,-II,","chars ,I","false"
"S1 slug carries notation","B00098","slug","בַּד  V","בד-V","chars V","false"
"S1 slug carries notation","B00407","slug","בְּזָא  I, II,","בזא-I,-II,","chars ,I","false"
"S1 slug carries notation","B00443","slug","בִּזְיוּנָא , II","בזיונא-,-II","chars ,I","false"
"S1 slug carries notation","B00825","slug","*(?)בַּלְוָוטִי","*(?)בלווטי","chars ()*?","true"
"S1 slug carries notation","C00329","slug","גַּוָּוזָא , II","גווזא-,-II","chars ,I","false"
"S1 slug carries notation","D00844","slug","דִּלְמָא  I, II,","דלמא-I,-II,","chars ,I","false"
"S1 slug carries notation","E00508","slug","הָכֵין  I, II","הכין-I,-II","chars ,I","false"
"S1 slug carries notation","G00374","slug","(זִימְרָא","(זימרא","chars (","true"
"S1 slug carries notation","G00675","slug","זָרָה  I, II","זרה-I,-II","chars ,I","false"
"S1 slug carries notation","L00587","slug","(לִסְטֵם","(לסטם","chars (","true"
"S1 slug carries notation","M00447","slug","מוֹזְלָא , I","מוזלא-,-I","chars ,I","false"
"S1 slug carries notation","P00223","slug","(עוּזְרָד","(עוזרד","chars (","true"
"S1 slug carries notation","P00224","slug","(עוּזְרָד ²","(עוזרד-²","chars (²","true"
"S1 slug carries notation","Q00370","slug","(פורסישמנג","(פורסישמנג","chars (","true"
"S1 slug carries notation","S00099","slug","(קְבַרְיָא)","(קבריא)","chars ()","true"
"S1 slug carries notation","S01421","slug","(קַלְקַנְתּוּם","(קלקנתום","chars (","true"
"S1 slug carries notation","S01624","slug","(קנתור)","(קנתור)","chars ()","true"
"X1 starts with a vowel/dagesh mark","J00321","headword","ַיי","יי-3","","false"
"X1 starts with a vowel/dagesh mark","J00327","headword","ַיְידָא","יידא","","false"
"X1 starts with a vowel/dagesh mark","S01780","alt","ּא","קץ-4","","false"
"X1 starts with a vowel/dagesh mark","U00489","alt","ׁוּף","ש-3","","false"
"X1 starts with a vowel/dagesh mark","V00518","alt","ּשַׁע","תישע","","false"
"X2 final letter mid-word","F00009","headword","וַארְךּוּנְיָא","וארךוניא","","false"
"X3 non-final letter at word end","S01780","alt","קִצ","קץ-4","","false"
"X3 non-final letter at word end","U01000","alt","שִׁיפָ","שיף-2","","false"
"X4 not NFC","A00018","alt","אַכָּה","אבא-2","","false"
"X4 not NFC","A02608","alt","אָפּוֹפַּלְסְמוֹן","אפובלסמון","","false"
"X4 not NFC","A03346","alt","אוּשְּׁ׳","אשקק","","false"
"X4 not NFC","B00740","alt","בִּישָׁא","ביש-1","","false"
"X4 not NFC","D00173","alt","דּווָֹא","דובא","","false"
"X4 not NFC","J00617","alt","יְרוּשָׁלִַם","ירושלים","","false"
"X5 maqaf fragment","A00007","headword","אִ־","א-7","","false"
"X5 maqaf fragment","A00007","alt","אִי־","א-7","","false"
"X5 maqaf fragment","A00007","alt","אֶ־","א-7","","false"
"X5 maqaf fragment","A00007","alt","אַ־","א-7","","false"
"X5 maqaf fragment","A00008","headword","אַ־","א-8","","false"
"X5 maqaf fragment","A00012","headword","אַב־","אב-1","","false"
"X5 maqaf fragment","A00012","alt","אֶבְ־","אב-1","","false"
"X5 maqaf fragment","A00244","alt","אִיגְדּ־","אגד-6","","false"
"X5 maqaf fragment","A00367","headword","אַדְּ־","אד-1","","false"
"X5 maqaf fragment","A00515","headword","או־","או-1","","false"
"X5 maqaf fragment","A00661","headword","אוֹלוֹ־","אולו","","false"
"X5 maqaf fragment","A00954","headword","אזד־","אזד-1","","false"
"X5 maqaf fragment","A01109","headword","אִי־","אי-1","","false"
"X5 maqaf fragment","A01396","headword","אִיס־","איס-1","","false"
"X5 maqaf fragment","A01396","alt","אִס־","איס-1","","false"
"X5 maqaf fragment","A01410","headword","אִיסְט־","איסט","","false"
"X5 maqaf fragment","A01638","headword","אִיתְ־","אית-1","","false"
"X5 maqaf fragment","A01765","headword","אַל־","אל-1","","false"
"X5 maqaf fragment","A02015","alt","אַמְטֻלְתּ־","אמטל","","false"
"X5 maqaf fragment","A02029","headword","אֲמִיתּ־","אמית","","false"
"X5 maqaf fragment","A02317","headword","אִס־","אס-1","","false"
"X5 maqaf fragment","A02345","headword","אִסְטְ־","אסט","","false"
"X5 maqaf fragment","A02864","headword","אִצְט־","אצט","","false"
"X5 maqaf fragment","A03212","headword","אֲרִסְט־","ארסט","","false"
"X5 maqaf fragment","A03392","headword","אִתְ־","את-1","","false"
"X5 maqaf fragment","B00003","headword","בְּ־","ב-3","","false"
"X5 maqaf fragment","B00004","headword","בְּ־","ב-4","","false"
"X5 maqaf fragment","B00093","headword","בִּדְּ־","בד-1","","false"
"X5 maqaf fragment","B00093","alt","בִּידְּ־","בד-1","","false"
"X5 maqaf fragment","B00551","headword","בִּידְ־","ביד","","false"
"X5 maqaf fragment","B00761","headword","בית־יוני","ביתיוני","","false"
"X5 maqaf fragment","C00086","headword","גביית־","גביית","","false"
"X5 maqaf fragment","C00547","headword","גְּזֵיל־","גזיל","","false"
"X5 maqaf fragment","C00598","alt","גִּיטּ־","גט-1","","false"
"X5 maqaf fragment","C01133","headword","גְּנֵיב־","גניב","","false"
"X5 maqaf fragment","D00002","headword","דְּ־","ד-2","","false"
"X5 maqaf fragment","D00445","headword","דִּי־","די-4","","false"
"X5 maqaf fragment","D00490","headword","דִּיד־","דיד","","false"
"X5 maqaf fragment","D00502","headword","דיו־","דיו-4","","false"
"X5 maqaf fragment","D00585","headword","דִּיכְוָות־","דיכוות","","false"
"X5 maqaf fragment","D00588","headword","דִּיכְוָת־","דיכות","","false"
"X5 maqaf fragment","D00595","headword","דִּיל־","דיל-1","","false"
"X5 maqaf fragment","D00596","headword","דִּילָ־","דיל-2","","false"
"X5 maqaf fragment","D00616","headword","דימונ־ק־","דימונק","","false"
"X5 maqaf fragment","D00764","headword","דִּכְוָות־","דכוות","","false"
"X5 maqaf fragment","D00769","headword","דִּכְוָת־","דכות","","false"
"X5 maqaf fragment","D00769","alt","דִּיכְוָות־","דכות","","false"
"X5 maqaf fragment","D00937","headword","דִּסְ־","דס","","false"
"X5 maqaf fragment","E00002","headword","הַ־","ה-2","","false"
"X5 maqaf fragment","E00003","headword","הָ־","ה-3","","false"
"X5 maqaf fragment","E00003","alt","הַ־","ה-3","","false"
"X5 maqaf fragment","E00095","headword","הַד־","הד","","false"
"X5 maqaf fragment","E00373","headword","הֵיכ־","היכ","","false"
"X5 maqaf fragment","E00413","headword","הֵימ־","הימ","","false"
"X5 maqaf fragment","E00530","headword","הַלּ־","הל-1","","false"
"X5 maqaf fragment","E00830","alt","הַדְרְסִ־","הרדסיאות","","false"
"X5 maqaf fragment","F00025","headword","ווּ־","וו-3","","false"
"X5 maqaf fragment","G00517","headword","זְמֵימ־","זמימ","","false"
"X5 maqaf fragment","H00076","headword","חֲבֵיר־","חביר","","false"
"X5 maqaf fragment","H01188","headword","חֲמֵיצ־","חמיצ","","false"
"X5 maqaf fragment","H01528","headword","חֲצֵיר־","חציר-1","","false"
"X5 maqaf fragment","J00328","headword","יִיח־","ייח","","false"
"X5 maqaf fragment","J00692","headword","יְשֵׁינ־","ישינ","","false"
"X5 maqaf fragment","K00002","headword","כְּ־","כ-2","","false"
"X5 maqaf fragment","K00002","alt","כִּ־׳","כ-2","","false"
"X5 maqaf fragment","K00002","alt","כִּי־","כ-2","","false"
"X5 maqaf fragment","K00049","headword","כְּבֵיד־","כביד","","false"
"X5 maqaf fragment","K00098","alt","כִּדּ־","כד-1","","false"
"X5 maqaf fragment","K00098","alt","כִּידּ־","כד-1","","false"
"X5 maqaf fragment","K00261","headword","כּוּלּ־","כול-3","","false"
"X5 maqaf fragment","K00490","alt","כִּיד־","כיד-2","","false"
"X5 maqaf fragment","K00824","headword","כְּמָת־","כמת","","false"
"X5 maqaf fragment","K01012","headword","כְּפֵיל־","כפיל-2","","false"
"X5 maqaf fragment","K01169","headword","כְּרֵיס־","כריס","","false"
"X5 maqaf fragment","K01180","headword","כְּרֵית־","כרית-3","","false"
"X5 maqaf fragment","K01307","headword","כשיר־","כשיר","","false"
"X5 maqaf fragment","K01361","headword","כְּתִיפ־","כתיפ","","false"
"X5 maqaf fragment","L00002","headword","לְ־","ל-2","","false"
"X5 maqaf fragment","L00002","alt","לָ־","ל-2","","false"
"X5 maqaf fragment","L00002","alt","לַ־","ל-2","","false"
"X5 maqaf fragment","L00002","alt","לִ־","ל-2","","false"
"X5 maqaf fragment","L00002","alt","לֵ־","ל-2","","false"
"X5 maqaf fragment","L00522","headword","לִיקְט־","ליקט","","false"
"X5 maqaf fragment","L00549","headword","לכלאב־","לכלאב","","false"
"X5 maqaf fragment","L00625","headword","לעת־","לעת","","false"
"X5 maqaf fragment","M00002","headword","מִ־","מ-2","","false"
"X5 maqaf fragment","M00002","alt","מִי־","מ-2","","false"
"X5 maqaf fragment","M00159","headword","מָגִינּ־","מגינ","","false"
"X5 maqaf fragment","M00230","headword","מִדְּ־","מד","","false"
"X5 maqaf fragment","M00289","headword","מְדִיל־","מדיל","","false"
"X5 maqaf fragment","M00593","headword","מוֹקְמַת־","מוקמת","","false"
"X5 maqaf fragment","M01084","headword","מִיגְדּ־","מיגד","","false"
"X5 maqaf fragment","M01247","headword","מִיסְכּ־","מיסכ","","false"
"X5 maqaf fragment","M01409","headword","מִכְּמַת־","מכמת","","false"
"X5 maqaf fragment","M01658","headword","מַמְזֵיר־","ממזיר","","false"
"X5 maqaf fragment","M02474","headword","מקשיצת־","מקשיצת","","false"
"X5 maqaf fragment","M02794","headword","מִשֶּׁ־","מש","","false"
"X5 maqaf fragment","N00629","headword","נִיהֲל־","ניהל","","false"
"X5 maqaf fragment","N00964","headword","נַסְתּ־","נסת","","false"
"X5 maqaf fragment","O00582","headword","סִידְק־","סידק","","false"
"X5 maqaf fragment","O01363","headword","סְפֵיק־","ספיק-2","","false"
"X5 maqaf fragment","O01375","headword","סְפֵיר־","ספיר-2","","false"
"X5 maqaf fragment","P00502","headword","עֵיד־","עיד-1","","false"
"X5 maqaf fragment","P00707","headword","עִיתּ־","עית","","false"
"X5 maqaf fragment","P01118","headword","עֲצֵיל־","עציל","","false"
"X5 maqaf fragment","P01170","headword","עֲקֵיב־","עקיב","","false"
"X5 maqaf fragment","P01335","headword","עַרְטוּל־","ערטול","","false"
"X5 maqaf fragment","P01340","headword","עַרְטִלּ־","ערטל-3","","false"
"X5 maqaf fragment","P01340","alt","עַרְטַלּ־","ערטל-3","","false"
"X5 maqaf fragment","P01348","headword","עֲרֵיב־","עריב-3","","false"
"X5 maqaf fragment","P01359","headword","עֲרֵיל־","עריל","","false"
"X5 maqaf fragment","Q00705","headword","פִּילְכ־","פילכ","","false"
"X5 maqaf fragment","Q00900","headword","פִּיתְח־","פיתח-2","","false"
"X5 maqaf fragment","R00307","headword","צִידּ־","ציד-5","","false"
"X5 maqaf fragment","R00353","headword","צִילּ־","ציל-2","","false"
"X5 maqaf fragment","R00370","headword","צִימְדּ־","צימד","","false"
"X5 maqaf fragment","S00002","headword","קָ־","ק-2","","false"
"X5 maqaf fragment","S00003","alt","קָ־","קא","","false"
"X5 maqaf fragment","S00353","headword","קוּלְמְס־","קולמס","","false"
"X5 maqaf fragment","S00377","headword","קומ־","קומ","","false"
"X5 maqaf fragment","S01016","headword","קִינּ־","קינ","","false"
"X5 maqaf fragment","S01120","headword","קִיצּ־","קיצ","","false"
"X5 maqaf fragment","S01223","headword","קִישְׁר־","קישר","","false"
"X5 maqaf fragment","S01339","headword","קְלִיסְטַנְרִ־","קליסטנר","","false"
"X5 maqaf fragment","S01435","headword","קַמּ־","קמ-1","","false"
"X5 maqaf fragment","S01436","headword","קָמ־","קמ-2","","false"
"X5 maqaf fragment","S01436","alt","קָמֵי־","קמ-2","","false"
"X5 maqaf fragment","S01468","alt","קַמּ־","קמי-2","","false"
"X5 maqaf fragment","S01824","headword","קְצֵיר־","קציר-1","","false"
"X5 maqaf fragment","T00496","headword","רְחֵיל־","רחיל","","false"
"X5 maqaf fragment","U00002","headword","שֶׁ־","ש-2","","false"
"X5 maqaf fragment","U00887","headword","שִׁיטְפ־","שיטפ","","false"
"X5 maqaf fragment","U00968","headword","שִׁינּ־","שינ","","false"
"X5 maqaf fragment","U01026","headword","שִׂיפְמ־","שיפמ","","false"
"X5 maqaf fragment","U01083","headword","שִׂירְפּ־","שירפ","","false"
"X5 maqaf fragment","U01471","headword","שְׁמֵינ־","שמינ","","false"
"X5 maqaf fragment","V00445","headword","תִּולּ־","תול","","false"
"X5 maqaf fragment","V00738","headword","תנחומות־","תנחומות","","false"
"X5 maqaf fragment","V00761","headword","תִּסְוָור־","תסוור","","false"
"X5 maqaf fragment","V00761","alt","תִּסְוָר־","תסוור","","false"
"X5 maqaf fragment","V00819","headword","תְּפֵיל־","תפיל","","false"
"X5 maqaf fragment","V00960","headword","תַּרְוֵי־","תרוי","","false"
"X6 abbreviated alt (ends ׳)","A00286","alt","אֲגִיח׳","אגחותא","","false"
"X6 abbreviated alt (ends ׳)","A00597","alt","אַוְתֶּ׳","אוותנטיא","","false"
"X6 abbreviated alt (ends ׳)","A00806","alt","אופימשט׳","אופימטטאטא","","false"
"X6 abbreviated alt (ends ׳)","A00829","alt","אוקטר׳","אוקטוריא","","false"
"X6 abbreviated alt (ends ׳)","A00987","alt","אִיזְ׳","אזתוודא","","false"
"X6 abbreviated alt (ends ׳)","A01085","alt","אִיטִ׳","אטימסיאה","","false"
"X6 abbreviated alt (ends ׳)","A01089","alt","אִיטְ׳","אטלולא","","false"
"X6 abbreviated alt (ends ׳)","A01133","alt","אֵבְ׳","איברא-1","","false"
"X6 abbreviated alt (ends ׳)","A01150","alt","אִגַּ׳","איגרתא","","false"
"X6 abbreviated alt (ends ׳)","A01194","alt","אֵזֶ׳","איזה","","false"
"X6 abbreviated alt (ends ׳)","A01200","alt","אִזְ׳","איזמיל","","false"
"X6 abbreviated alt (ends ׳)","A01240","alt","איינטפ׳","איינטבלינית","","false"
"X6 abbreviated alt (ends ׳)","A01260","alt","אִכָּ׳","איכרא","","false"
"X6 abbreviated alt (ends ׳)","A01281","alt","אִלּ׳","אילולא","","false"
"X6 abbreviated alt (ends ׳)","A01291","alt","אִלְיוֹ׳","איליופוליס","","false"
"X6 abbreviated alt (ends ׳)","A01292","alt","אִלֵּ׳","אילימא-1","","false"
"X6 abbreviated alt (ends ׳)","A01307","alt","אִלָ׳","אילן-2","","false"
"X6 abbreviated alt (ends ׳)","A01335","alt","אֲמוּ׳","אימורים-2","","false"
"X6 abbreviated alt (ends ׳)","A01338","alt","או׳","אימיקנטרון","","false"
"X6 abbreviated alt (ends ׳)","A01359","alt","אֵימָ׳","אימתן","","false"
"X6 abbreviated alt (ends ׳)","A01376","alt","יִינוֹ׳","אינומילין","","false"
"X6 abbreviated alt (ends ׳)","A01380","alt","איינ׳","אינטפלינית","","false"
"X6 abbreviated alt (ends ׳)","A01395","alt","אנת׳","אינתימרוס","","false"
"X6 abbreviated alt (ends ׳)","A01411","alt","אִסְ׳","איסטבא","","false"
"X6 abbreviated alt (ends ׳)","A01411","alt","אִיצְ׳","איסטבא","","false"
"X6 abbreviated alt (ends ׳)","A01411","alt","אִצְ׳","איסטבא","","false"
"X6 abbreviated alt (ends ׳)","A01420","alt","אִסְ׳","איסטווא-2","","false"
"X6 abbreviated alt (ends ׳)","A01423","alt","אִיצְ׳","איסטוונית","","false"
"X6 abbreviated alt (ends ׳)","A01423","alt","אִסְ׳","איסטוונית","","false"
"X6 abbreviated alt (ends ׳)","A01423","alt","אִצְ׳","איסטוונית","","false"
"X6 abbreviated alt (ends ׳)","A01433","alt","אִסְ׳","איסטיב","","false"
"X6 abbreviated alt (ends ׳)","A01434","alt","אִסְ׳","איסטיו","","false"
"X6 abbreviated alt (ends ׳)","A01453","alt","אִסְ׳","איסטרוביל","","false"
"X6 abbreviated alt (ends ׳)","A01453","alt","אִצְ׳","איסטרוביל","","false"
"X6 abbreviated alt (ends ׳)","A01453","alt","אִיצְ׳","איסטרוביל","","false"
"X6 abbreviated alt (ends ׳)","A01460","alt","אִיסְתְּ׳","איסטרידא","","false"
"X6 abbreviated alt (ends ׳)","A01460","alt","אִצְטְ׳","איסטרידא","","false"
"X6 abbreviated alt (ends ׳)","A01466","alt","אִסְ׳","איסכולסטיקא","","false"
"X6 abbreviated alt (ends ׳)","A01489","alt","אִסְפַּ׳","איספרגוס","","false"
"X6 abbreviated alt (ends ׳)","A01499","alt","אִסְק׳","איסקונדרי","","false"
"X6 abbreviated alt (ends ׳)","A01521","alt","אִסְ׳","איסתירא","","false"
"X6 abbreviated alt (ends ׳)","A01525","alt","אִסְ׳","איסתניס","","false"
"X6 abbreviated alt (ends ׳)","A01526","alt","איסט׳","איסתניסיה","","false"
"X6 abbreviated alt (ends ׳)","A01567","alt","אִפַּ׳","איפרכי","","false"
"X6 abbreviated alt (ends ׳)","A01590","alt","אִק׳","איקון","","false"
"X6 abbreviated alt (ends ׳)","A01641","alt","אִתְּ׳","איתא-2","","false"
"X6 abbreviated alt (ends ׳)","A01644","alt","אִתּוֹ׳","איתודאה","","false"
"X6 abbreviated alt (ends ׳)","A01647","alt","אִתְּ׳","איתיטרון","","false"
"X6 abbreviated alt (ends ׳)","A01651","alt","אַתְ׳","איתכלא","","false"
"X6 abbreviated alt (ends ׳)","A01675","alt","אַכְוַו׳","אכונגר","","false"
"X6 abbreviated alt (ends ׳)","A01752","alt","אִי׳","אכרום","","false"
"X6 abbreviated alt (ends ׳)","A01752","alt","אֶכְּ׳","אכרום","","false"
"X6 abbreviated alt (ends ׳)","A01796","alt","הַלְוַו׳","אלואי","","false"
"X6 abbreviated alt (ends ׳)","A01844","alt","אִיל׳","אליון-2","","false"
"X6 abbreviated alt (ends ׳)","A01865","alt","אִילֵּ׳","אלימא-3","","false"
"X6 abbreviated alt (ends ׳)","A01894","alt","אֲלַכְ׳","אלכסנדרוס","","false"
"X6 abbreviated alt (ends ׳)","A01896","alt","אֲלַכְ׳","אלכסנדריא","","false"
"X6 abbreviated alt (ends ׳)","A01918","alt","אִילְ׳","אלמלא","","false"
"X6 abbreviated alt (ends ׳)","A01947","alt","אִילְ׳","אלקטי","","false"
"X6 abbreviated alt (ends ׳)","A01954","alt","אִילַ׳","אלריא-1","","false"
"X6 abbreviated alt (ends ׳)","A02052","alt","אִנְפִּי׳","אמפיליא","","false"
"X6 abbreviated alt (ends ׳)","A02052","alt","אִנְפִּלְ׳","אמפיליא","","false"
"X6 abbreviated alt (ends ׳)","A02068","alt","אַמַּ׳","אמרכול","","false"
"X6 abbreviated alt (ends ׳)","A02106","alt","אבג׳","אנגרוטינא","","false"
"X6 abbreviated alt (ends ׳)","A02161","alt","אנטד׳","אנטג׳","","false"
"X6 abbreviated alt (ends ׳)","A02297","alt","אונק׳","אנקליטון-1","","false"
"X6 abbreviated alt (ends ׳)","A02300","alt","אונ׳","אנקלסיא","","false"
"X6 abbreviated alt (ends ׳)","A02325","alt","איס׳","אסגינטרין","","false"
"X6 abbreviated alt (ends ׳)","A02348","alt","אִצְ׳","אסטבלא","","false"
"X6 abbreviated alt (ends ׳)","A02348","alt","אִיסְ׳","אסטבלא","","false"
"X6 abbreviated alt (ends ׳)","A02348","alt","אִיצְ׳","אסטבלא","","false"
"X6 abbreviated alt (ends ׳)","A02350","alt","אִיסְ׳","אסטגיות","","false"
"X6 abbreviated alt (ends ׳)","A02351","alt","אִצְטַ׳","אסטגנין","","false"
"X6 abbreviated alt (ends ׳)","A02351","alt","אִי׳","אסטגנין","","false"
"X6 abbreviated alt (ends ׳)","A02352","alt","אִצְ׳","אסטגנינא","","false"
"X6 abbreviated alt (ends ׳)","A02352","alt","אִי׳","אסטגנינא","","false"
"X6 abbreviated alt (ends ׳)","A02353","alt","אִצְ׳","אסטגנינות","","false"
"X6 abbreviated alt (ends ׳)","A02353","alt","אִי׳","אסטגנינות","","false"
"X6 abbreviated alt (ends ׳)","A02362","alt","אִי׳","אסטומכא-1","","false"
"X6 abbreviated alt (ends ׳)","A02373","alt","אִי׳","אסטכטון","","false"
"X6 abbreviated alt (ends ׳)","A02376","alt","אִי׳","אסטלא","","false"
"X6 abbreviated alt (ends ׳)","A02378","alt","אִיסְ׳","אסטלי-1","","false"
"X6 abbreviated alt (ends ׳)","A02379","alt","אִיסְ׳","אסטלי-2","","false"
"X6 abbreviated alt (ends ׳)","A02381","alt","אִצְ׳","אסטלית","","false"
"X6 abbreviated alt (ends ׳)","A02381","alt","אִי׳","אסטלית","","false"
"X6 abbreviated alt (ends ׳)","A02386","alt","אִסְתַּ׳","אסטנדרא","","false"
"X6 abbreviated alt (ends ׳)","A02386","alt","אִי׳","אסטנדרא","","false"
"X6 abbreviated alt (ends ׳)","A02400","alt","איס׳","אסטרוגי","","false"
"X6 abbreviated alt (ends ׳)","A02402","alt","אַצְ׳","אסטרולוגוס","","false"
"X6 abbreviated alt (ends ׳)","A02402","alt","אִיסְ׳","אסטרולוגוס","","false"
"X6 abbreviated alt (ends ׳)","A02402","alt","אִיצְ׳","אסטרולוגוס","","false"
"X6 abbreviated alt (ends ׳)","A02403","alt","אִיסְ׳","אסטרולוגיא","","false"
"X6 abbreviated alt (ends ׳)","A02403","alt","אסת׳","אסטרולוגיא","","false"
"X6 abbreviated alt (ends ׳)","A02403","alt","אַצְ׳","אסטרולוגיא","","false"
"X6 abbreviated alt (ends ׳)","A02403","alt","אִיצְ׳","אסטרולוגיא","","false"
"X6 abbreviated alt (ends ׳)","A02407","alt","אִיסְ׳","אסטרופומטא","","false"
"X6 abbreviated alt (ends ׳)","A02408","alt","אִיסְטְ׳","אסטרטא","","false"
"X6 abbreviated alt (ends ׳)","A02412","alt","אִיסְ׳","אסטרטיא-1","","false"
"X6 abbreviated alt (ends ׳)","A02413","alt","אִיסְ׳","אסטרטיא-2","","false"
"X6 abbreviated alt (ends ׳)","A02422","alt","אִיסְ׳","אסטריא","","false"
"X6 abbreviated alt (ends ׳)","A02422","alt","אִצְ׳","אסטריא","","false"
"X6 abbreviated alt (ends ׳)","A02422","alt","אִיצְ׳","אסטריא","","false"
"X6 abbreviated alt (ends ׳)","A02423","alt","אִיסְ׳","אסטרין","","false"
"X6 abbreviated alt (ends ׳)","A02423","alt","אִיצְ׳","אסטרין","","false"
"X6 abbreviated alt (ends ׳)","A02450","alt","אִיסְ׳","אסכולי","","false"
"X6 abbreviated alt (ends ׳)","A02455","alt","אִיסְ׳","אסכלא-2","","false"
"X6 abbreviated alt (ends ׳)","A02479","alt","אִי׳","אספוג","","false"
"X6 abbreviated alt (ends ׳)","A02490","alt","אִי׳","אספינקי","","false"
"X6 abbreviated alt (ends ׳)","A02496","alt","אִיסְ׳","אספלידא","","false"
"X6 abbreviated alt (ends ׳)","A02500","alt","אִי׳","אספלנית","","false"
"X6 abbreviated alt (ends ׳)","A02501","alt","אִיסְ׳","אספלניתא","","false"
"X6 abbreviated alt (ends ׳)","A02502","alt","אִיסְ׳","אספמיא","","false"
"X6 abbreviated alt (ends ׳)","A02504","alt","אִיסְ׳","אספניא-1","","false"
"X6 abbreviated alt (ends ׳)","A02514","alt","אִיסְ׳","אספקלריא","","false"
"X6 abbreviated alt (ends ׳)","A02519","alt","אִיסְ׳","אספרווא","","false"
"X6 abbreviated alt (ends ׳)","A02524","alt","אִי׳","אספרמקי","","false"
"X6 abbreviated alt (ends ׳)","A02537","alt","אִי׳","אסקופה","","false"
"X6 abbreviated alt (ends ׳)","A02539","alt","אִיסְ׳","אסקופתא","","false"
"X6 abbreviated alt (ends ׳)","A02546","alt","אִיסְ׳","אסקריא","","false"
"X6 abbreviated alt (ends ׳)","A02549","alt","אי׳","אסקריטין","","false"
"X6 abbreviated alt (ends ׳)","A02555","alt","אִי׳","אסרדיוט","","false"
"X6 abbreviated alt (ends ׳)","A02558","alt","אִי׳","אסרטא","","false"
"X6 abbreviated alt (ends ׳)","A02560","alt","אִיסְ׳","אסרטיא-1","","false"
"X6 abbreviated alt (ends ׳)","A02561","alt","אִיסְ׳","אסרטיא-2","","false"
"X6 abbreviated alt (ends ׳)","A02563","alt","אִיסְ׳","אסרטיוט","","false"
"X6 abbreviated alt (ends ׳)","A02572","alt","אִי׳","אסתומכא","","false"
"X6 abbreviated alt (ends ׳)","A02578","alt","אִיסְ׳","אסתן","","false"
"X6 abbreviated alt (ends ׳)","A02588","alt","אִיסְ׳","אסתרוקנית","","false"
"X6 abbreviated alt (ends ׳)","A02602","alt","אפור׳","אפדכסיס","","false"
"X6 abbreviated alt (ends ׳)","A02616","alt","אַפֹּטְ׳","אפוטניות","","false"
"X6 abbreviated alt (ends ׳)","A02634","alt","אִי׳","אפופודין","","false"
"X6 abbreviated alt (ends ׳)","A02675","alt","אַפִּי׳","אפיטרופוס","","false"
"X6 abbreviated alt (ends ׳)","A02675","alt","אַפּוֹ׳","אפיטרופוס","","false"
"X6 abbreviated alt (ends ׳)","A02675","alt","אַפַּטְ׳","אפיטרופוס","","false"
"X6 abbreviated alt (ends ׳)","A02676","alt","אַפּוֹ׳","אפיטרופיא","","false"
"X6 abbreviated alt (ends ׳)","A02789","alt","אִיפְ׳","אפקרסין","","false"
"X6 abbreviated alt (ends ׳)","A02871","alt","אִיצְ׳","אצטריא","","false"
"X6 abbreviated alt (ends ׳)","A02871","alt","אִיסְ׳","אצטריא","","false"
"X6 abbreviated alt (ends ׳)","A02872","alt","אִיצְ׳","אצטרין","","false"
"X6 abbreviated alt (ends ׳)","A02872","alt","אִיסְ׳","אצטרין","","false"
"X6 abbreviated alt (ends ׳)","A02875","alt","אוּצְ׳","אצייא","","false"
"X6 abbreviated alt (ends ׳)","A02946","alt","ארא׳","ארא-3","","false"
"X6 abbreviated alt (ends ׳)","A03173","alt","אֲרָ׳","ארמותא","","false"
"X6 abbreviated alt (ends ׳)","A03255","alt","אִי׳","אשא-1","","false"
"X6 abbreviated alt (ends ׳)","A03267","alt","אַשְׁוָו׳","אשוה","","false"
"X6 abbreviated alt (ends ׳)","A03346","alt","אוּשְּׁ׳","אשקק","","false"
"X6 abbreviated alt (ends ׳)","A03346","alt","אִישְׁ׳","אשקק","","false"
"X6 abbreviated alt (ends ׳)","A03368","alt","אִישְׁ׳","אשתדא","","false"
"X6 abbreviated alt (ends ׳)","A03373","alt","אֶישְׁ׳","אשתומם","","false"
"X6 abbreviated alt (ends ׳)","A03443","alt","אִיתְ׳","אתקפתא","","false"
"X6 abbreviated alt (ends ׳)","B00125","alt","בִּי׳","בדור","","false"
"X6 abbreviated alt (ends ׳)","B00289","alt","בֻּשְׂ׳","בוסם-2","","false"
"X6 abbreviated alt (ends ׳)","B00292","alt","בֻּסְ׳","בוסמנו","","false"
"X6 abbreviated alt (ends ׳)","B00293","alt","בּוּשְׂ׳","בוסמניא","","false"
"X6 abbreviated alt (ends ׳)","B00424","alt","בִּיזּ׳","בזוזא-2","","false"
"X6 abbreviated alt (ends ׳)","B00440","alt","בִּיזָּ׳","בזיון","","false"
"X6 abbreviated alt (ends ׳)","B00501","alt","בִּיטָּ׳","בטחון","","false"
"X6 abbreviated alt (ends ׳)","B00559","alt","בְּיוּ׳","ביונא","","false"
"X6 abbreviated alt (ends ׳)","B00565","alt","בִּזּ׳","ביזוע","","false"
"X6 abbreviated alt (ends ׳)","B00580","alt","בִּטּ׳","ביטול","","false"
"X6 abbreviated alt (ends ׳)","B00581","alt","בִּטּ׳","ביטולא","","false"
"X6 abbreviated alt (ends ׳)","B00665","alt","בִּסְ׳","ביסתרקא","","false"
"X6 abbreviated alt (ends ׳)","B00694","alt","בִּקּ׳","ביקורת","","false"
"X6 abbreviated alt (ends ׳)","B00742","alt","בְּאִישׁ׳","בישו","","false"
"X6 abbreviated alt (ends ׳)","B00759","alt","בַּיְי׳","ביתוסי","","false"
"X6 abbreviated alt (ends ׳)","B00771","alt","בִּיכּ׳","בכורה-1","","false"
"X6 abbreviated alt (ends ׳)","B01018","alt","בוס׳","בסתקא","","false"
"X6 abbreviated alt (ends ׳)","B01083","alt","בּוּ׳","בצורתא-1","","false"
"X6 abbreviated alt (ends ׳)","B01134","alt","בִּקְעֲ׳","בקעתא-1","","false"
"X6 abbreviated alt (ends ׳)","B01135","alt","בִּקְעֲ׳","בקעתא-2","","false"
"X6 abbreviated alt (ends ׳)","B01284","alt","בי׳","בריתא-1","","false"
"X6 abbreviated alt (ends ׳)","B01348","alt","בִּושּׁ׳","בשולא","","false"
"X6 abbreviated alt (ends ׳)","B01361","alt","בְּשֵׁי׳","בשל-3","","false"
"X6 abbreviated alt (ends ׳)","C00064","alt","גִּיבָּ׳","גבורתא","","false"
"X6 abbreviated alt (ends ׳)","C00067","alt","גִּיבַּ׳","גבח-1","","false"
"X6 abbreviated alt (ends ׳)","C00113","alt","הַגַּ׳","גבלן","","false"
"X6 abbreviated alt (ends ׳)","C00162","alt","גּוּדְגַּ׳","גדגדניות","","false"
"X6 abbreviated alt (ends ׳)","C00264","alt","גַּוָּו׳","גואה","","false"
"X6 abbreviated alt (ends ׳)","C00363","alt","גִּיוְיְי׳","גוייתא","","false"
"X6 abbreviated alt (ends ׳)","C00381","alt","גֻּלְ׳","גולגלת","","false"
"X6 abbreviated alt (ends ׳)","C00382","alt","גּוּלְגּוּלְ׳","גולגלתא","","false"
"X6 abbreviated alt (ends ׳)","C00487","alt","גּוֹרְדְּיָ׳","גורדייני","","false"
"X6 abbreviated alt (ends ׳)","C00520","alt","גִּיזְ׳","גזבר","","false"
"X6 abbreviated alt (ends ׳)","C00521","alt","גִּיזְ׳","גזברא","","false"
"X6 abbreviated alt (ends ׳)","C00619","alt","גִּבּ׳","גיבר","","false"
"X6 abbreviated alt (ends ׳)","C00620","alt","גִּבָּ׳","גיברא","","false"
"X6 abbreviated alt (ends ׳)","C00670","alt","גִּיּוֹ׳","גיורתא-2","","false"
"X6 abbreviated alt (ends ׳)","C00673","alt","גֵּוְתָ׳","גיותן","","false"
"X6 abbreviated alt (ends ׳)","C00674","alt","גֵּאוְ׳","גיותנא","","false"
"X6 abbreviated alt (ends ׳)","C00674","alt","גֵּוְ׳","גיותנא","","false"
"X6 abbreviated alt (ends ׳)","C00674","alt","גֵּיפְ׳","גיותנא","","false"
"X6 abbreviated alt (ends ׳)","C00675","alt","גֵּיפְ׳","גיותנותא","","false"
"X6 abbreviated alt (ends ׳)","C00730","alt","גִּלּ׳","גילוייא","","false"
"X6 abbreviated alt (ends ׳)","C00766","alt","גִּינוּ׳","גיניסיא","","false"
"X6 abbreviated alt (ends ׳)","C00766","alt","גְּנוּ׳","גיניסיא","","false"
"X6 abbreviated alt (ends ׳)","C00767","alt","גִּינּוֹ׳","גיניסר","","false"
"X6 abbreviated alt (ends ׳)","C00767","alt","גְּנֵי׳","גיניסר","","false"
"X6 abbreviated alt (ends ׳)","C00767","alt","גְּנוֹ׳","גיניסר","","false"
"X6 abbreviated alt (ends ׳)","C00771","alt","גִּנּ׳","גינתא","","false"
"X6 abbreviated alt (ends ׳)","C00792","alt","גִּפּ׳","גיפוף-2","","false"
"X6 abbreviated alt (ends ׳)","C00792","alt","גֵּפ׳","גיפוף-2","","false"
"X6 abbreviated alt (ends ׳)","C00799","alt","גּוּפְ׳","גיפתא","","false"
"X6 abbreviated alt (ends ׳)","C00836","alt","גֵּרָ׳","גירעון","","false"
"X6 abbreviated alt (ends ׳)","C00864","alt","גִּילְ׳","גלגול-1","","false"
"X6 abbreviated alt (ends ׳)","C00865","alt","גִּילְ׳","גלגול-2","","false"
"X6 abbreviated alt (ends ׳)","C00872","alt","גִּילְ׳","גלגל-4","","false"
"X6 abbreviated alt (ends ׳)","C00880","alt","גִּילְ׳","גלדא","","false"
"X6 abbreviated alt (ends ׳)","C00881","alt","גִּילְ׳","גלדאה","","false"
"X6 abbreviated alt (ends ׳)","C00882","alt","גִּילְ׳","גלדנא","","false"
"X6 abbreviated alt (ends ׳)","C00941","alt","גִּלְ׳","גליון","","false"
"X6 abbreviated alt (ends ׳)","C00941","alt","גִּיל׳","גליון","","false"
"X6 abbreviated alt (ends ׳)","C00990","alt","גִּילְ׳","גלשלושתא","","false"
"X6 abbreviated alt (ends ׳)","C01041","alt","גִּימְ׳","גמלא-1","","false"
"X6 abbreviated alt (ends ׳)","C01041","alt","גּוּמְ׳","גמלא-1","","false"
"X6 abbreviated alt (ends ׳)","C01041","alt","גַּמְ׳","גמלא-1","","false"
"X6 abbreviated alt (ends ׳)","C01090","alt","גִּינְ׳","גנגילון","","false"
"X6 abbreviated alt (ends ׳)","C01107","alt","גִּינּוּ׳","גנון-2","","false"
"X6 abbreviated alt (ends ׳)","C01110","alt","גִּינּוּ׳","גנוניתא-1","","false"
"X6 abbreviated alt (ends ׳)","C01137","alt","גְּנֵבְ׳","גניבותא","","false"
"X6 abbreviated alt (ends ׳)","C01145","alt","גְּנוּ׳","גניסא","","false"
"X6 abbreviated alt (ends ׳)","C01146","alt","גְּנוּ׳","גניסייא","","false"
"X6 abbreviated alt (ends ׳)","C01266","alt","גַּרְגּוּשְׁ׳","גרגשתא","","false"
"X6 abbreviated alt (ends ׳)","C01266","alt","גַּרְגִּישְׁ׳","גרגשתא","","false"
"X6 abbreviated alt (ends ׳)","C01277","alt","גִּירְ׳","גרדי-1","","false"
"X6 abbreviated alt (ends ׳)","C01278","alt","גִּירְ׳","גרדי-2","","false"
"X6 abbreviated alt (ends ׳)","C01284","alt","גִּירְ׳","גרדנא","","false"
"X6 abbreviated alt (ends ׳)","C01362","alt","גִּירְ׳","גרממיא","","false"
"X6 abbreviated alt (ends ׳)","C01367","alt","גִּירְ׳","גרמניקיא","","false"
"X6 abbreviated alt (ends ׳)","C01377","alt","גִּירְ׳","גרסא-2","","false"
"X6 abbreviated alt (ends ׳)","C01427","alt","גִּישְׁ׳","גשתא-1","","false"
"X6 abbreviated alt (ends ׳)","C01428","alt","גִּישְׁ׳","גשתא-2","","false"
"X6 abbreviated alt (ends ׳)","C01432","alt","גִּיתִּ׳","גתית","","false"
"X6 abbreviated alt (ends ׳)","D00147","alt","דִּיהֲ׳","דהבת","","false"
"X6 abbreviated alt (ends ׳)","D00160","alt","דְּהינוּ׳","דהנוניתא","","false"
"X6 abbreviated alt (ends ׳)","D00213","alt","דַּוְ׳","דוול","","false"
"X6 abbreviated alt (ends ׳)","D00340","alt","דַּק׳","דוקרנא","","false"
"X6 abbreviated alt (ends ׳)","D00374","alt","דורמייס׳","דורמסיאות","","false"
"X6 abbreviated alt (ends ׳)","D00450","alt","דְּיוֹטַ׳","דיאטגמא","","false"
"X6 abbreviated alt (ends ׳)","D00453","alt","דְּיַי׳","דיאטריטא","","false"
"X6 abbreviated alt (ends ׳)","D00453","alt","דְּיוֹ׳","דיאטריטא","","false"
"X6 abbreviated alt (ends ׳)","D00459","alt","דְּיוֹ׳","דיאתיקי","","false"
"X6 abbreviated alt (ends ׳)","D00471","alt","דִּבּוּ׳","דיבורא","","false"
"X6 abbreviated alt (ends ׳)","D00487","alt","דִּגְ׳","דיגלת","","false"
"X6 abbreviated alt (ends ׳)","D00561","alt","דַּיָּ׳","דיין-2","","false"
"X6 abbreviated alt (ends ׳)","D00572","alt","דייקלר׳","דייקלירא","","false"
"X6 abbreviated alt (ends ׳)","D00603","alt","דִּלָ׳","דילטורא-1","","false"
"X6 abbreviated alt (ends ׳)","D00604","alt","דִּלָ׳","דילטורא-2","","false"
"X6 abbreviated alt (ends ׳)","D00605","alt","דִּלָ׳","דילטוריא","","false"
"X6 abbreviated alt (ends ׳)","D00663","alt","דִּסְ׳","דיסקרין","","false"
"X6 abbreviated alt (ends ׳)","D00664","alt","דִּסְ׳","דיסקרתא","","false"
"X6 abbreviated alt (ends ׳)","D00665","alt","דִּסְ׳","דיסתודר","","false"
"X6 abbreviated alt (ends ׳)","D00666","alt","דִּסְ׳","דיסתורא","","false"
"X6 abbreviated alt (ends ׳)","D00667","alt","דִּסְ׳","דיסתנא-1","","false"
"X6 abbreviated alt (ends ׳)","D00668","alt","דִּסְ׳","דיסתנא-2","","false"
"X6 abbreviated alt (ends ׳)","D00669","alt","דִּסְ׳","דיסתקא-1","","false"
"X6 abbreviated alt (ends ׳)","D00670","alt","דִּסְ׳","דיסתקא-2","","false"
"X6 abbreviated alt (ends ׳)","D00680","alt","דִּיפְּלִסְ׳","דיפליסטון","","false"
"X6 abbreviated alt (ends ׳)","D00681","alt","דִּוּפְ׳","דיפרא","","false"
"X6 abbreviated alt (ends ׳)","D00681","alt","דִּפְ׳","דיפרא","","false"
"X6 abbreviated alt (ends ׳)","D00686","alt","דִּפְ׳","דיפתרא","","false"
"X6 abbreviated alt (ends ׳)","D00714","alt","דְּיָיקִ׳","דיקינתין","","false"
"X6 abbreviated alt (ends ׳)","D00750","alt","דִּתְ׳","דיתאה","","false"
"X6 abbreviated alt (ends ׳)","D00759","alt","דִּיכְ׳","דכדוך","","false"
"X6 abbreviated alt (ends ׳)","D00763","alt","דִּי׳","דכוון","","false"
"X6 abbreviated alt (ends ׳)","D00781","alt","דִּיכְ׳","דכמא","","false"
"X6 abbreviated alt (ends ׳)","D00786","alt","דוּכְ׳","דכסומיני","","false"
"X6 abbreviated alt (ends ׳)","D00790","alt","דִּיכְ׳","דכסס","","false"
"X6 abbreviated alt (ends ׳)","D00793","alt","דּוּכְ׳","דכר-2","","false"
"X6 abbreviated alt (ends ׳)","D00793","alt","דִּיכְ׳","דכר-2","","false"
"X6 abbreviated alt (ends ׳)","D00795","alt","דּוּכְ׳","דכרן","","false"
"X6 abbreviated alt (ends ׳)","D00796","alt","דִּיכְ׳","דכרני","","false"
"X6 abbreviated alt (ends ׳)","D00806","alt","דִּיל׳","דלדול","","false"
"X6 abbreviated alt (ends ׳)","D00807","alt","דִּילְ׳","דלדל-1","","false"
"X6 abbreviated alt (ends ׳)","D00818","alt","דְּלוֹ׳","דלוחא","","false"
"X6 abbreviated alt (ends ׳)","D00837","alt","דְּלֵקְ׳","דליקתא","","false"
"X6 abbreviated alt (ends ׳)","D00853","alt","דִּלְ׳","דלפא","","false"
"X6 abbreviated alt (ends ׳)","D00853","alt","דִּולְ׳","דלפא","","false"
"X6 abbreviated alt (ends ׳)","D00854","alt","דִּילְ׳","דלפה","","false"
"X6 abbreviated alt (ends ׳)","D00861","alt","דְּלֶקְ׳","דלקתא","","false"
"X6 abbreviated alt (ends ׳)","D00873","alt","דִּימְ׳","דמדום","","false"
"X6 abbreviated alt (ends ׳)","D00890","alt","דִּימְ׳","דמחמרא","","false"
"X6 abbreviated alt (ends ׳)","D00901","alt","דּוּמְ׳","דמכא","","false"
"X6 abbreviated alt (ends ׳)","D00932","alt","דָּנִיסְ׳","דנסטיס","","false"
"X6 abbreviated alt (ends ׳)","D00932","alt","דָּאנִ׳","דנסטיס","","false"
"X6 abbreviated alt (ends ׳)","D00987","alt","דִּיקְ׳","דקדוק","","false"
"X6 abbreviated alt (ends ׳)","D00988","alt","דִּיקְ׳","דקדוקא","","false"
"X6 abbreviated alt (ends ׳)","D01003","alt","דִּיקְ׳","דקיון","","false"
"X6 abbreviated alt (ends ׳)","D01010","alt","דִּיקְ׳","דקלא","","false"
"X6 abbreviated alt (ends ׳)","D01012","alt","דִּיקְ׳","דקן","","false"
"X6 abbreviated alt (ends ׳)","D01013","alt","דִּיקְ׳","דקננא","","false"
"X6 abbreviated alt (ends ׳)","D01048","alt","דּוּרְ׳","דרדסא","","false"
"X6 abbreviated alt (ends ׳)","D01074","alt","דַּדְקֶ׳","דרוקרת","","false"
"X6 abbreviated alt (ends ׳)","D01108","alt","דַּרְמוּסְ׳","דרמסקוס","","false"
"X6 abbreviated alt (ends ׳)","D01108","alt","דרומיס׳","דרמסקוס","","false"
"X6 abbreviated alt (ends ׳)","D01139","alt","דָּ׳","דשא-2","","false"
"X6 abbreviated alt (ends ׳)","D01154","alt","דִּישְׁ׳","דשתאה","","false"
"X6 abbreviated alt (ends ׳)","E00119","alt","חַ׳","הדייב","","false"
"X6 abbreviated alt (ends ׳)","E00189","alt","אוֹ׳","הובריא","","false"
"X6 abbreviated alt (ends ׳)","E00242","alt","הִי׳","הומניא","","false"
"X6 abbreviated alt (ends ׳)","E00247","alt","הַוָּו׳","הון-3","","false"
"X6 abbreviated alt (ends ׳)","E00313","alt","חֲטוּ׳","הטולים","","false"
"X6 abbreviated alt (ends ׳)","E00324","alt","הִי׳","הטרית","","false"
"X6 abbreviated alt (ends ׳)","E00352","alt","הוּזְ׳","היזמא","","false"
"X6 abbreviated alt (ends ׳)","E00355","alt","הֶיזֵּי׳","היזקא","","false"
"X6 abbreviated alt (ends ׳)","E00377","alt","הֵכְ׳","היכדין","","false"
"X6 abbreviated alt (ends ׳)","E00423","alt","אֵי׳","הימיסו","","false"
"X6 abbreviated alt (ends ׳)","E00425","alt","הימוס׳","הימיסיון","","false"
"X6 abbreviated alt (ends ׳)","E00431","alt","הִמְ׳","הימנון","","false"
"X6 abbreviated alt (ends ׳)","E00451","alt","הִינְדְּוָו׳","הינדוא","","false"
"X6 abbreviated alt (ends ׳)","E00452","alt","הִנְ׳","הינדווי","","false"
"X6 abbreviated alt (ends ׳)","E00454","alt","הִנְ׳","הינדיא","","false"
"X6 abbreviated alt (ends ׳)","E00455","alt","הִנְ׳","הינדיקי","","false"
"X6 abbreviated alt (ends ׳)","E00472","alt","הֶיסֵּי׳","היסטא","","false"
"X6 abbreviated alt (ends ׳)","E00496","alt","הֶתֵּ׳","היתרא","","false"
"X6 abbreviated alt (ends ׳)","E00570","alt","הִילְ׳","הלכתא","","false"
"X6 abbreviated alt (ends ׳)","E00571","alt","הִילֵּ׳","הלל-1","","false"
"X6 abbreviated alt (ends ׳)","E00608","alt","הִימְ׳","המיינא","","false"
"X6 abbreviated alt (ends ׳)","E00632","alt","הִימְ׳","המניק","","false"
"X6 abbreviated alt (ends ׳)","E00696","alt","הֶיסֵּ׳","הסבה-1","","false"
"X6 abbreviated alt (ends ׳)","E00710","alt","הֶסְפֵּי׳","הספדא","","false"
"X6 abbreviated alt (ends ׳)","E00747","alt","הֲפֵי׳","הפכתא","","false"
"X6 abbreviated alt (ends ׳)","E00763","alt","הִיפַּ׳","הפרכא","","false"
"X6 abbreviated alt (ends ׳)","E00764","alt","הִי׳","הפרכוס","","false"
"X6 abbreviated alt (ends ׳)","E00765","alt","הִי׳","הפרכיא","","false"
"X6 abbreviated alt (ends ׳)","E00776","alt","הַפְתֵּי׳","הפתקא-1","","false"
"X6 abbreviated alt (ends ׳)","E00776","alt","הֶיפְתֵּי׳","הפתקא-1","","false"
"X6 abbreviated alt (ends ׳)","E00838","alt","הִירְ׳","הרהור","","false"
"X6 abbreviated alt (ends ׳)","E00840","alt","הִירְ׳","הרהר-1","","false"
"X6 abbreviated alt (ends ׳)","E00847","alt","הַרְזְבָנִ׳","הרזבונית","","false"
"X6 abbreviated alt (ends ׳)","E00867","alt","הָרִי׳","הריפות","","false"
"X6 abbreviated alt (ends ׳)","E00911","alt","הֵישָׁ׳","השבון","","false"
"X6 abbreviated alt (ends ׳)","E00941","alt","הִשְׁתַּחֲוָו׳","השתחואה","","false"
"X6 abbreviated alt (ends ׳)","F00044","alt","וָהוֹנַ׳","ויניא","","false"
"X6 abbreviated alt (ends ׳)","F00066","alt","וֶו׳","וסת","","false"
"X6 abbreviated alt (ends ׳)","F00071","alt","וַו׳","ועד-2","","false"
"X6 abbreviated alt (ends ׳)","F00087","alt","וַו׳","ורדימוס","","false"
"X6 abbreviated alt (ends ׳)","F00097","alt","וֶו׳","ושטא","","false"
"X6 abbreviated alt (ends ׳)","F00106","alt","וְתוּ׳","ותיניא","","false"
"X6 abbreviated alt (ends ׳)","F00107","alt","וְתוּ׳","ותינייקי","","false"
"X6 abbreviated alt (ends ׳)","G00110","alt","זִיהֲ׳","זהרורא-2","","false"
"X6 abbreviated alt (ends ׳)","G00267","alt","זִבּ׳","זיבונא","","false"
"X6 abbreviated alt (ends ׳)","G00269","alt","זִבּ׳","זיבורית","","false"
"X6 abbreviated alt (ends ׳)","G00296","alt","זִהֲ׳","זיהרורא-1","","false"
"X6 abbreviated alt (ends ׳)","G00312","alt","זִיּיוּ׳","זיונא-1","","false"
"X6 abbreviated alt (ends ׳)","G00356","alt","זִלּ׳","זילוף","","false"
"X6 abbreviated alt (ends ׳)","G00369","alt","זִמְ׳","זימיונא","","false"
"X6 abbreviated alt (ends ׳)","G00379","alt","זַיְי׳","זין-5","","false"
"X6 abbreviated alt (ends ׳)","G00379","alt","זְיָי׳","זין-5","","false"
"X6 abbreviated alt (ends ׳)","G00381","alt","זִנְ׳","זינגאי","","false"
"X6 abbreviated alt (ends ׳)","G00383","alt","זנו׳","זינומתא","","false"
"X6 abbreviated alt (ends ׳)","G00391","alt","זֵי׳","זיעתא","","false"
"X6 abbreviated alt (ends ׳)","G00396","alt","זֵי׳","זיפא","","false"
"X6 abbreviated alt (ends ׳)","G00538","alt","זִי׳","זמן-4","","false"
"X6 abbreviated alt (ends ׳)","G00549","alt","זִימְ׳","זמרא-3","","false"
"X6 abbreviated alt (ends ׳)","G00550","alt","זִי׳","זמרא-4","","false"
"X6 abbreviated alt (ends ׳)","G00554","alt","זִימְ׳","זמרה-2","","false"
"X6 abbreviated alt (ends ׳)","G00581","alt","זַנָּיָי׳","זניתא","","false"
"X6 abbreviated alt (ends ׳)","G00589","alt","זִיעֲ׳","זעזע-1","","false"
"X6 abbreviated alt (ends ׳)","G00618","alt","זוּפְ׳","זפירין","","false"
"X6 abbreviated alt (ends ׳)","G00619","alt","זִיפְ׳","זפלן","","false"
"X6 abbreviated alt (ends ׳)","G00657","alt","זִיקְ׳","זקת","","false"
"X6 abbreviated alt (ends ׳)","G00679","alt","זֵיר׳","זרוע-2","","false"
"X6 abbreviated alt (ends ׳)","G00733","alt","זִירְ׳","זרפא","","false"
"X6 abbreviated alt (ends ׳)","H00028","alt","חִבּוּ׳","חבוליא","","false"
"X6 abbreviated alt (ends ׳)","H00028","alt","חִיבּ׳","חבוליא","","false"
"X6 abbreviated alt (ends ׳)","H00051","alt","חֲ׳","חביב-2","","false"
"X6 abbreviated alt (ends ׳)","H00051","alt","חַבִּ׳","חביב-2","","false"
"X6 abbreviated alt (ends ׳)","H00077","alt","חַבִּ׳","חבירא","","false"
"X6 abbreviated alt (ends ׳)","H00089","alt","חֵיבְ׳","חבלא-1","","false"
"X6 abbreviated alt (ends ׳)","H00121","alt","חֲבֵי׳","חברות","","false"
"X6 abbreviated alt (ends ׳)","H00166","alt","חִיגַּ׳","חגרתא","","false"
"X6 abbreviated alt (ends ׳)","H00178","alt","חֵי׳","חדו","","false"
"X6 abbreviated alt (ends ׳)","H00179","alt","חִדְ׳","חדוא","","false"
"X6 abbreviated alt (ends ׳)","H00191","alt","חָדְ׳","חדיא-1","","false"
"X6 abbreviated alt (ends ׳)","H00208","alt","חִידְ׳","חדקא-1","","false"
"X6 abbreviated alt (ends ׳)","H00209","alt","חִי׳","חדקא-2","","false"
"X6 abbreviated alt (ends ׳)","H00260","alt","חוֹ׳","חודאי","","false"
"X6 abbreviated alt (ends ׳)","H00310","alt","חֵיְ׳","חוי-3","","false"
"X6 abbreviated alt (ends ׳)","H00317","alt","חָכְ׳","חוכמא","","false"
"X6 abbreviated alt (ends ׳)","H00341","alt","חַלְחוּלְ׳","חולחולתא","","false"
"X6 abbreviated alt (ends ׳)","H00345","alt","חוֹ׳","חולי-1","","false"
"X6 abbreviated alt (ends ׳)","H00347","alt","חוּלְיָי׳","חוליא-1","","false"
"X6 abbreviated alt (ends ׳)","H00367","alt","חִי׳","חולתא-1","","false"
"X6 abbreviated alt (ends ׳)","H00405","alt","חוּנְיָי׳","חוניא","","false"
"X6 abbreviated alt (ends ׳)","H00475","alt","חֲרָ׳","חורן-2","","false"
"X6 abbreviated alt (ends ׳)","H00510","alt","חֶזְוַ׳","חזויא","","false"
"X6 abbreviated alt (ends ׳)","H00510","alt","חָזְוַ׳","חזויא","","false"
"X6 abbreviated alt (ends ׳)","H00514","alt","חֵיזְוָ׳","חזונא-2","","false"
"X6 abbreviated alt (ends ׳)","H00514","alt","חֶזְוָו׳","חזונא-2","","false"
"X6 abbreviated alt (ends ׳)","H00514","alt","חִזְ׳","חזונא-2","","false"
"X6 abbreviated alt (ends ׳)","H00517","alt","חֵי׳","חזור-2","","false"
"X6 abbreviated alt (ends ׳)","H00552","alt","חֲזָ׳","חזנא","","false"
"X6 abbreviated alt (ends ׳)","H00585","alt","חַטָּ׳","חטאה-1","","false"
"X6 abbreviated alt (ends ׳)","H00586","alt","חַטְ׳","חטאה-2","","false"
"X6 abbreviated alt (ends ׳)","H00621","alt","חַ׳","חטיא-3","","false"
"X6 abbreviated alt (ends ׳)","H00643","alt","חֲטִיפִי׳","חטפיתא","","false"
"X6 abbreviated alt (ends ׳)","H00645","alt","חֻטְ׳","חטר-2","","false"
"X6 abbreviated alt (ends ׳)","H00653","alt","חִבּ׳","חיבובא","","false"
"X6 abbreviated alt (ends ׳)","H00654","alt","חִבּ׳","חיבוט","","false"
"X6 abbreviated alt (ends ׳)","H00655","alt","חִבּ׳","חיבול","","false"
"X6 abbreviated alt (ends ׳)","H00659","alt","חִבּ׳","חיבורא","","false"
"X6 abbreviated alt (ends ׳)","H00660","alt","חִבְּ׳","חיבתא","","false"
"X6 abbreviated alt (ends ׳)","H00665","alt","חִדּ׳","חידוק","","false"
"X6 abbreviated alt (ends ׳)","H00665","alt","הִ׳","חידוק","","false"
"X6 abbreviated alt (ends ׳)","H00666","alt","חִדּ׳","חידוש","","false"
"X6 abbreviated alt (ends ׳)","H00669","alt","חוּדְ׳","חידקי","","false"
"X6 abbreviated alt (ends ׳)","H00677","alt","חִיּי׳","חיוב-2","","false"
"X6 abbreviated alt (ends ׳)","H00692","alt","חֵיוְו׳","חיותא-2","","false"
"X6 abbreviated alt (ends ׳)","H00695","alt","חִזּ׳","חיזוק","","false"
"X6 abbreviated alt (ends ׳)","H00701","alt","חִזְ׳","חיזרא-1","","false"
"X6 abbreviated alt (ends ׳)","H00702","alt","חִזְ׳","חיזרא-2","","false"
"X6 abbreviated alt (ends ׳)","H00705","alt","חוּזְ׳","חיזרר","","false"
"X6 abbreviated alt (ends ׳)","H00706","alt","חִטּ׳","חיטא","","false"
"X6 abbreviated alt (ends ׳)","H00754","alt","חִכּ׳","חיכוכא","","false"
"X6 abbreviated alt (ends ׳)","H00764","alt","חִלּ׳","חילוי","","false"
"X6 abbreviated alt (ends ׳)","H00765","alt","חִלּ׳","חילול","","false"
"X6 abbreviated alt (ends ׳)","H00767","alt","חִלּ׳","חילוני","","false"
"X6 abbreviated alt (ends ׳)","H00769","alt","חִלּ׳","חילוף","","false"
"X6 abbreviated alt (ends ׳)","H00770","alt","חִלּ׳","חילופא","","false"
"X6 abbreviated alt (ends ׳)","H00772","alt","חִלּ׳","חילוק","","false"
"X6 abbreviated alt (ends ׳)","H00781","alt","חִלְ׳","חילפא-1","","false"
"X6 abbreviated alt (ends ׳)","H00796","alt","חִלְתִּ׳","חילתית","","false"
"X6 abbreviated alt (ends ׳)","H00797","alt","חִלְ׳","חילתיתא","","false"
"X6 abbreviated alt (ends ׳)","H00803","alt","חִמּ׳","חימוץ","","false"
"X6 abbreviated alt (ends ׳)","H00804","alt","חִמּ׳","חימוצא","","false"
"X6 abbreviated alt (ends ׳)","H00810","alt","חֵימְ׳","חימרא","","false"
"X6 abbreviated alt (ends ׳)","H00810","alt","חִמָ׳","חימרא","","false"
"X6 abbreviated alt (ends ׳)","H00811","alt","חוּ׳","חימתא-1","","false"
"X6 abbreviated alt (ends ׳)","H00815","alt","חִנְ׳","חינגא","","false"
"X6 abbreviated alt (ends ׳)","H00816","alt","חִנְ׳","חינגיתא","","false"
"X6 abbreviated alt (ends ׳)","H00817","alt","חִנְ׳","חינגנא","","false"
"X6 abbreviated alt (ends ׳)","H00819","alt","חִנּ׳","חינוך","","false"
"X6 abbreviated alt (ends ׳)","H00820","alt","חִנּ׳","חינוכא","","false"
"X6 abbreviated alt (ends ׳)","H00821","alt","חִנּ׳","חינון","","false"
"X6 abbreviated alt (ends ׳)","H00827","alt","חֲיָי׳","חיס","","false"
"X6 abbreviated alt (ends ׳)","H00830","alt","חִסּ׳","חיסודא","","false"
"X6 abbreviated alt (ends ׳)","H00831","alt","חִסּ׳","חיסולא","","false"
"X6 abbreviated alt (ends ׳)","H00833","alt","חִסּ׳","חיסום-2","","false"
"X6 abbreviated alt (ends ׳)","H00834","alt","חִסּ׳","חיסור","","false"
"X6 abbreviated alt (ends ׳)","H00836","alt","חִסָּ׳","חיסכון","","false"
"X6 abbreviated alt (ends ׳)","H00853","alt","חִפּ׳","חיפושיתא","","false"
"X6 abbreviated alt (ends ׳)","H00875","alt","חֵר׳","חירופא","","false"
"X6 abbreviated alt (ends ׳)","H00900","alt","חִתּ׳","חיתוך","","false"
"X6 abbreviated alt (ends ׳)","H00902","alt","חִתּ׳","חיתום","","false"
"X6 abbreviated alt (ends ׳)","H00906","alt","חִתִּ׳","חיתית","","false"
"X6 abbreviated alt (ends ׳)","H00967","alt","חֶלְ׳","חלב-2","","false"
"X6 abbreviated alt (ends ׳)","H00978","alt","חַלְבֵּי׳","חלבצין","","false"
"X6 abbreviated alt (ends ׳)","H00992","alt","הִי׳","חלוז","","false"
"X6 abbreviated alt (ends ׳)","H01013","alt","חִילָּ׳","חלזון","","false"
"X6 abbreviated alt (ends ׳)","H01013","alt","חֲלָ׳","חלזון","","false"
"X6 abbreviated alt (ends ׳)","H01025","alt","חוּלְ׳","חלטנית","","false"
"X6 abbreviated alt (ends ׳)","H01034","alt","חִילִּ׳","חליז-1","","false"
"X6 abbreviated alt (ends ׳)","H01038","alt","חֲלוּ׳","חליטא-3","","false"
"X6 abbreviated alt (ends ׳)","H01086","alt","חִילְ׳","חלמא-1","","false"
"X6 abbreviated alt (ends ׳)","H01091","alt","הֶלְ׳","חלמון","","false"
"X6 abbreviated alt (ends ׳)","H01117","alt","חֶילְ׳","חלקא-1","","false"
"X6 abbreviated alt (ends ׳)","H01149","alt","חֶמְדְּ׳","חמדתא","","false"
"X6 abbreviated alt (ends ׳)","H01151","alt","חֵי׳","חמה-2","","false"
"X6 abbreviated alt (ends ׳)","H01261","alt","חֲנֻכְּ׳","חנוכתא","","false"
"X6 abbreviated alt (ends ׳)","H01269","alt","חֲנֻפְ׳","חנופתא","","false"
"X6 abbreviated alt (ends ׳)","H01277","alt","חִינְ׳","חנטא-2","","false"
"X6 abbreviated alt (ends ׳)","H01295","alt","חֲנִסְנְ׳","חניסנסיא","","false"
"X6 abbreviated alt (ends ׳)","H01338","alt","חִיסְ׳","חסד-5","","false"
"X6 abbreviated alt (ends ׳)","H01339","alt","חִי׳","חסדא-1","","false"
"X6 abbreviated alt (ends ׳)","H01340","alt","חִי׳","חסדא-2","","false"
"X6 abbreviated alt (ends ׳)","H01378","alt","חֲ׳","חסילא","","false"
"X6 abbreviated alt (ends ׳)","H01389","alt","חֲסֵירוּ׳","חסירותא","","false"
"X6 abbreviated alt (ends ׳)","H01389","alt","חַסְרוּ׳","חסירותא","","false"
"X6 abbreviated alt (ends ׳)","H01406","alt","חִ׳","חסף-2","","false"
"X6 abbreviated alt (ends ׳)","H01407","alt","חִ׳","חספא","","false"
"X6 abbreviated alt (ends ׳)","H01412","alt","חֲסֵי׳","חסר-3","","false"
"X6 abbreviated alt (ends ׳)","H01415","alt","חִי׳","חסרון","","false"
"X6 abbreviated alt (ends ׳)","H01424","alt","חִי׳","חפוי","","false"
"X6 abbreviated alt (ends ׳)","H01425","alt","חִי׳","חפויא","","false"
"X6 abbreviated alt (ends ׳)","H01432","alt","חֲפִי׳","חפורה-2","","false"
"X6 abbreviated alt (ends ׳)","H01486","alt","חֵי׳","חפתא","","false"
"X6 abbreviated alt (ends ׳)","H01579","alt","חֲרֵי׳","חרב-3","","false"
"X6 abbreviated alt (ends ׳)","H01593","alt","חִירְ׳","חרגא-2","","false"
"X6 abbreviated alt (ends ׳)","H01654","alt","חִרְ׳","חרחור-2","","false"
"X6 abbreviated alt (ends ׳)","H01681","alt","חִירְ׳","חרינא","","false"
"X6 abbreviated alt (ends ׳)","H01762","alt","חִירְ׳","חרקא","","false"
"X6 abbreviated alt (ends ׳)","H01789","alt","חֲרָ׳","חרשין","","false"
"X6 abbreviated alt (ends ׳)","H01808","alt","חֲשָׁ׳","חשבא","","false"
"X6 abbreviated alt (ends ׳)","I00031","alt","טַבְוָו׳","טבואות","","false"
"X6 abbreviated alt (ends ׳)","I00081","alt","טִיבְ׳","טבע-6","","false"
"X6 abbreviated alt (ends ׳)","I00083","alt","טִי׳","טבעון","","false"
"X6 abbreviated alt (ends ׳)","I00088","alt","טִיבַ׳","טבריא","","false"
"X6 abbreviated alt (ends ׳)","I00089","alt","טְבִירְ׳","טבריוס","","false"
"X6 abbreviated alt (ends ׳)","I00129","alt","טַּוְזִ׳","טווזיג","","false"
"X6 abbreviated alt (ends ׳)","I00156","alt","טַוְו׳","טוי-5","","false"
"X6 abbreviated alt (ends ׳)","I00207","alt","טוּ׳","טופנא","","false"
"X6 abbreviated alt (ends ׳)","I00222","alt","טַרְ׳","טורזינא","","false"
"X6 abbreviated alt (ends ׳)","I00278","alt","טוֹטַ׳","טטפראות","","false"
"X6 abbreviated alt (ends ׳)","I00300","alt","טִבּ׳","טיבול","","false"
"X6 abbreviated alt (ends ׳)","I00301","alt","טִבּ׳","טיבולא","","false"
"X6 abbreviated alt (ends ׳)","I00318","alt","טִהֲ׳","טיהרא","","false"
"X6 abbreviated alt (ends ׳)","I00319","alt","טִהֲ׳","טיהרי","","false"
"X6 abbreviated alt (ends ׳)","I00327","alt","טִחְ׳","טיחיא","","false"
"X6 abbreviated alt (ends ׳)","I00361","alt","טְכְ׳","טיכסא","","false"
"X6 abbreviated alt (ends ׳)","I00374","alt","טִמוּ׳","טימורא","","false"
"X6 abbreviated alt (ends ׳)","I00375","alt","טִמוּ׳","טימורתא","","false"
"X6 abbreviated alt (ends ׳)","I00391","alt","טנ׳","טינדיסין","","false"
"X6 abbreviated alt (ends ׳)","I00394","alt","טִנּ׳","טינוף","","false"
"X6 abbreviated alt (ends ׳)","I00395","alt","טִנּ׳","טינופא","","false"
"X6 abbreviated alt (ends ׳)","I00396","alt","טִנּ׳","טינופת","","false"
"X6 abbreviated alt (ends ׳)","I00422","alt","טִפְ׳","טיפתא","","false"
"X6 abbreviated alt (ends ׳)","I00423","alt","טִקּ׳","טיקוסא","","false"
"X6 abbreviated alt (ends ׳)","I00432","alt","טֵר׳","טירודין","","false"
"X6 abbreviated alt (ends ׳)","I00438","alt","טִר׳","טירוניא-2","","false"
"X6 abbreviated alt (ends ׳)","I00442","alt","טִרְ׳","טיריא","","false"
"X6 abbreviated alt (ends ׳)","I00457","alt","טִשְׁ׳","טישטושא","","false"
"X6 abbreviated alt (ends ׳)","I00480","alt","טְלוֹ׳","טלומא-1","","false"
"X6 abbreviated alt (ends ׳)","I00480","alt","טוּלְ׳","טלומא-1","","false"
"X6 abbreviated alt (ends ׳)","I00481","alt","טַלּוֹ׳","טלומא-2","","false"
"X6 abbreviated alt (ends ׳)","I00483","alt","טְלָפְ׳","טלופחא","","false"
"X6 abbreviated alt (ends ׳)","I00486","alt","טִילְ׳","טלטול-1","","false"
"X6 abbreviated alt (ends ׳)","I00487","alt","טִילְ׳","טלטול-2","","false"
"X6 abbreviated alt (ends ׳)","I00489","alt","טִילְ׳","טלטוליא","","false"
"X6 abbreviated alt (ends ׳)","I00489","alt","טַלְ׳","טלטוליא","","false"
"X6 abbreviated alt (ends ׳)","I00506","alt","טַלְיְי׳","טליתא","","false"
"X6 abbreviated alt (ends ׳)","I00522","alt","טִילְ׳","טלף-2","","false"
"X6 abbreviated alt (ends ׳)","I00546","alt","טָמַ׳","טמיא-2","","false"
"X6 abbreviated alt (ends ׳)","I00551","alt","טִימְיָ׳","טמיקא","","false"
"X6 abbreviated alt (ends ׳)","I00589","alt","טִיסְ׳","טסברא","","false"
"X6 abbreviated alt (ends ׳)","I00664","alt","טְפֵי׳","טפלא-2","","false"
"X6 abbreviated alt (ends ׳)","I00665","alt","טְפֵי׳","טפלה","","false"
"X6 abbreviated alt (ends ׳)","I00670","alt","טִפְ׳","טפסא-2","","false"
"X6 abbreviated alt (ends ׳)","I00672","alt","טַ׳","טפסר","","false"
"X6 abbreviated alt (ends ׳)","I00684","alt","טִיפּ׳","טפש-4","","false"
"X6 abbreviated alt (ends ׳)","I00685","alt","טִיפְּ׳","טפשות","","false"
"X6 abbreviated alt (ends ׳)","I00686","alt","טִפְּ׳","טפשותא","","false"
"X6 abbreviated alt (ends ׳)","I00686","alt","טִיפְּ׳","טפשותא","","false"
"X6 abbreviated alt (ends ׳)","I00715","alt","טִירְ׳","טרדא","","false"
"X6 abbreviated alt (ends ׳)","I00740","alt","טרק׳","טרוקסימא","","false"
"X6 abbreviated alt (ends ׳)","I00740","alt","טרכ׳","טרוקסימא","","false"
"X6 abbreviated alt (ends ׳)","I00748","alt","טִירְ׳","טרחא-2","","false"
"X6 abbreviated alt (ends ׳)","I00749","alt","טִירְ׳","טרחות","","false"
"X6 abbreviated alt (ends ׳)","I00750","alt","טוֹרְחוּ׳","טרחותא","","false"
"X6 abbreviated alt (ends ׳)","I00756","alt","טַרְתֵּ׳","טרטימר","","false"
"X6 abbreviated alt (ends ׳)","I00756","alt","תַּרְטֵ׳","טרטימר","","false"
"X6 abbreviated alt (ends ׳)","I00768","alt","טַרְ׳","טריא-1","","false"
"X6 abbreviated alt (ends ׳)","I00788","alt","טוּרְ׳","טרייא-1","","false"
"X6 abbreviated alt (ends ׳)","I00792","alt","טוּרְ׳","טריינוס","","false"
"X6 abbreviated alt (ends ׳)","I00823","alt","טְרַקְ׳","טריקלינא","","false"
"X6 abbreviated alt (ends ׳)","I00884","alt","טרעפ׳","טרפעיק","","false"
"X6 abbreviated alt (ends ׳)","I00904","alt","טְרִיקְ׳","טרקסין","","false"
"X6 abbreviated alt (ends ׳)","J00005","alt","יָי׳","יאו","","false"
"X6 abbreviated alt (ends ׳)","J00061","alt","יָי׳","יבם-4","","false"
"X6 abbreviated alt (ends ׳)","J00064","alt","יְבִמְ׳","יבמתא","","false"
"X6 abbreviated alt (ends ׳)","J00064","alt","יְבִימְ׳","יבמתא","","false"
"X6 abbreviated alt (ends ׳)","J00075","alt","יַבִּישְׁ׳","יבשתא","","false"
"X6 abbreviated alt (ends ׳)","J00075","alt","יַבִּשְׁ׳","יבשתא","","false"
"X6 abbreviated alt (ends ׳)","J00089","alt","יָי׳","יגע-2","","false"
"X6 abbreviated alt (ends ׳)","J00172","alt","יָדְ׳","יודקרת","","false"
"X6 abbreviated alt (ends ׳)","J00201","alt","יְוָו׳","יונאה","","false"
"X6 abbreviated alt (ends ׳)","J00206","alt","יְוָו׳","יוני-2","","false"
"X6 abbreviated alt (ends ׳)","J00231","alt","דְּיוֹ׳","יוקינוס","","false"
"X6 abbreviated alt (ends ׳)","J00259","alt","יְזִיפְ׳","יזופתא","","false"
"X6 abbreviated alt (ends ׳)","J00271","alt","יִי׳","יחוד-2","","false"
"X6 abbreviated alt (ends ׳)","J00272","alt","יִי׳","יחול","","false"
"X6 abbreviated alt (ends ׳)","J00273","alt","יִי׳","יחוס-1","","false"
"X6 abbreviated alt (ends ׳)","J00274","alt","יֵי׳","יחוס-2","","false"
"X6 abbreviated alt (ends ׳)","J00276","alt","יִי׳","יחוף","","false"
"X6 abbreviated alt (ends ׳)","J00285","alt","י׳","יחיד-2","","false"
"X6 abbreviated alt (ends ׳)","J00290","alt","יְחֵיפ׳","יחיף","","false"
"X6 abbreviated alt (ends ׳)","J00309","alt","יַי׳","יחף-5","","false"
"X6 abbreviated alt (ends ׳)","J00382","alt","יְלֵיד׳","ילידתא","","false"
"X6 abbreviated alt (ends ׳)","J00411","alt","יֵי׳","ימים-2","","false"
"X6 abbreviated alt (ends ׳)","J00460","alt","יְסוּ׳","יסורא","","false"
"X6 abbreviated alt (ends ׳)","J00460","alt","יִיסּוּ׳","יסורא","","false"
"X6 abbreviated alt (ends ׳)","J00481","alt","בֵּיתי׳","יעזק","","false"
"X6 abbreviated alt (ends ׳)","J00546","alt","יוּצְ׳","יצף-4","","false"
"X6 abbreviated alt (ends ׳)","J00546","alt","יִיצְ׳","יצף-4","","false"
"X6 abbreviated alt (ends ׳)","J00568","alt","יְקֵדְ׳","יקידא","","false"
"X6 abbreviated alt (ends ׳)","J00570","alt","יְקִי׳","יקידותא","","false"
"X6 abbreviated alt (ends ׳)","J00604","alt","יָי׳","ירוד-2","","false"
"X6 abbreviated alt (ends ׳)","J00729","alt","יְ׳","יתיבתא","","false"
"X6 abbreviated alt (ends ׳)","J00737","alt","יְתֵיר׳","יתור-2","","false"
"X6 abbreviated alt (ends ׳)","J00751","alt","יִי׳","יתרא-1","","false"
"X6 abbreviated alt (ends ׳)","K00002","alt","כִּ־׳","כ-2","","false"
"X6 abbreviated alt (ends ׳)","K00011","alt","לִכְאוֹ׳","כאורה","","false"
"X6 abbreviated alt (ends ׳)","K00078","alt","כּוּבְ׳","כבריתא-1","","false"
"X6 abbreviated alt (ends ׳)","K00093","alt","כּוּבֶּ׳","כבשת","","false"
"X6 abbreviated alt (ends ׳)","K00104","alt","כִּדְ׳","כדבא-1","","false"
"X6 abbreviated alt (ends ׳)","K00104","alt","כִּידְ׳","כדבא-1","","false"
"X6 abbreviated alt (ends ׳)","K00108","alt","כַּדְבוּ׳","כדבותא","","false"
"X6 abbreviated alt (ends ׳)","K00108","alt","כַּדִּיבוּ׳","כדבותא","","false"
"X6 abbreviated alt (ends ׳)","K00117","alt","כר׳","כדופסלא","","false"
"X6 abbreviated alt (ends ׳)","K00151","alt","כֵּו׳","כהה","","false"
"X6 abbreviated alt (ends ׳)","K00151","alt","כֵּי׳","כהה","","false"
"X6 abbreviated alt (ends ׳)","K00196","alt","כובד׳","כוברים","","false"
"X6 abbreviated alt (ends ׳)","K00250","alt","כֹּכ׳","כוכב-2","","false"
"X6 abbreviated alt (ends ׳)","K00257","alt","קוֹכְ׳","כוכליאס","","false"
"X6 abbreviated alt (ends ׳)","K00265","alt","כולכ׳","כולבסין","","false"
"X6 abbreviated alt (ends ׳)","K00270","alt","כּוּל׳","כוליא","","false"
"X6 abbreviated alt (ends ׳)","K00270","alt","כָּלְ׳","כוליא","","false"
"X6 abbreviated alt (ends ׳)","K00303","alt","כַּוָּו׳","כונה","","false"
"X6 abbreviated alt (ends ׳)","K00304","alt","כַּוּו׳","כונותא","","false"
"X6 abbreviated alt (ends ׳)","K00431","alt","כּוֹתַ׳","כותניאס","","false"
"X6 abbreviated alt (ends ׳)","K00451","alt","כּוֹ׳","כח-3","","false"
"X6 abbreviated alt (ends ׳)","K00530","alt","כִּלְ׳","כילבית","","false"
"X6 abbreviated alt (ends ׳)","K00554","alt","כִּלְ׳","כילכית","","false"
"X6 abbreviated alt (ends ׳)","K00567","alt","כִּנּ׳","כינויא","","false"
"X6 abbreviated alt (ends ׳)","K00568","alt","כִּנּ׳","כינוס","","false"
"X6 abbreviated alt (ends ׳)","K00580","alt","כּסּ׳","כיסוח","","false"
"X6 abbreviated alt (ends ׳)","K00581","alt","כִּסּ׳","כיסוי","","false"
"X6 abbreviated alt (ends ׳)","K00582","alt","כִּסּ׳","כיסויא","","false"
"X6 abbreviated alt (ends ׳)","K00583","alt","כִּסּ׳","כיסופא","","false"
"X6 abbreviated alt (ends ׳)","K00591","alt","כִּסְ׳","כיסנין-2","","false"
"X6 abbreviated alt (ends ׳)","K00591","alt","כִּיסָא׳","כיסנין-2","","false"
"X6 abbreviated alt (ends ׳)","K00591","alt","כְּסָא׳","כיסנין-2","","false"
"X6 abbreviated alt (ends ׳)","K00594","alt","כִּיסְּ׳","כיסתא-2","","false"
"X6 abbreviated alt (ends ׳)","K00605","alt","קִיפֵּ׳","כיפח","","false"
"X6 abbreviated alt (ends ׳)","K00605","alt","קִפֵּ׳","כיפח","","false"
"X6 abbreviated alt (ends ׳)","K00607","alt","כֵּפְ׳","כיפלא","","false"
"X6 abbreviated alt (ends ׳)","K00638","alt","כִּשּׁ׳","כישוף","","false"
"X6 abbreviated alt (ends ׳)","K00641","alt","כִּשָּׁ׳","כישרון","","false"
"X6 abbreviated alt (ends ׳)","K00646","alt","כִּתּ׳","כיתונא","","false"
"X6 abbreviated alt (ends ׳)","K00651","alt","כִּת׳","כיתן","","false"
"X6 abbreviated alt (ends ׳)","K00653","alt","כִּיתְ׳","כיתניתא","","false"
"X6 abbreviated alt (ends ׳)","K00665","alt","כַּ׳","ככרא","","false"
"X6 abbreviated alt (ends ׳)","K00711","alt","גְּלוּפְ׳","כלופסין","","false"
"X6 abbreviated alt (ends ׳)","K00711","alt","קְלוּפְ׳","כלופסין","","false"
"X6 abbreviated alt (ends ׳)","K00751","alt","כִּילְ׳","כלכול","","false"
"X6 abbreviated alt (ends ׳)","K00767","alt","קַלְ׳","כלמתא","","false"
"X6 abbreviated alt (ends ׳)","K00784","alt","כַּלְ׳","כלתא","","false"
"X6 abbreviated alt (ends ׳)","K00784","alt","כַּלָּ׳","כלתא","","false"
"X6 abbreviated alt (ends ׳)","K00790","alt","כְּמֵי׳","כמהות","","false"
"X6 abbreviated alt (ends ׳)","K00847","alt","כִּינּוֹ׳","כנורא","","false"
"X6 abbreviated alt (ends ׳)","K00857","alt","כְּנִשְׁ׳","כנישא","","false"
"X6 abbreviated alt (ends ׳)","K00876","alt","כִּי׳","כנרא-1","","false"
"X6 abbreviated alt (ends ׳)","K00879","alt","כִּינֶּ׳","כנרת","","false"
"X6 abbreviated alt (ends ׳)","K00882","alt","כִּי׳","כנשא","","false"
"X6 abbreviated alt (ends ׳)","K00926","alt","כְּסוּסְ׳","כסיסטא","","false"
"X6 abbreviated alt (ends ׳)","K00958","alt","כְּסִיפְ׳","כספתא","","false"
"X6 abbreviated alt (ends ׳)","K00992","alt","כִּיפּ׳","כפור-1","","false"
"X6 abbreviated alt (ends ׳)","K00993","alt","כִּיפּ׳","כפור-2","","false"
"X6 abbreviated alt (ends ׳)","K01002","alt","כַּפּ׳","כפורתא","","false"
"X6 abbreviated alt (ends ׳)","K01002","alt","כַּפ׳","כפורתא","","false"
"X6 abbreviated alt (ends ׳)","K01002","alt","כְּפ׳","כפורתא","","false"
"X6 abbreviated alt (ends ׳)","K01039","alt","כּוּפְ׳","כפניתא","","false"
"X6 abbreviated alt (ends ׳)","K01057","alt","כּוּפְ׳","כפרנא","","false"
"X6 abbreviated alt (ends ׳)","K01093","alt","כַּרְדּוּ׳","כרדיטין","","false"
"X6 abbreviated alt (ends ׳)","K01099","alt","כּוּרְ׳","כרהנא","","false"
"X6 abbreviated alt (ends ׳)","K01105","alt","כְּרוּ׳","כרובא-3","","false"
"X6 abbreviated alt (ends ׳)","K01148","alt","כּוֹ׳","כרחא","","false"
"X6 abbreviated alt (ends ׳)","K01174","alt","קְ׳","כריספא","","false"
"X6 abbreviated alt (ends ׳)","K01196","alt","כ׳","כרכוז","","false"
"X6 abbreviated alt (ends ׳)","K01198","alt","כּוּרְכּ׳","כרכום-2","","false"
"X6 abbreviated alt (ends ׳)","K01199","alt","כַּרְקֹ׳","כרכום-3","","false"
"X6 abbreviated alt (ends ׳)","K01202","alt","כִּירְ׳","כרכור","","false"
"X6 abbreviated alt (ends ׳)","K01212","alt","כַּרְכִּימִ׳","כרכמישא","","false"
"X6 abbreviated alt (ends ׳)","K01213","alt","כּוּרְ׳","כרכמית","","false"
"X6 abbreviated alt (ends ׳)","K01290","alt","כְּרֵיתִ׳","כרתינון","","false"
"X6 abbreviated alt (ends ׳)","K01297","alt","כַּסְ׳","כשדאה","","false"
"X6 abbreviated alt (ends ׳)","K01300","alt","כְּשׁוֹ׳","כשורא","","false"
"X6 abbreviated alt (ends ׳)","K01342","alt","כִּתְ׳","כתב-4","","false"
"X6 abbreviated alt (ends ׳)","K01363","alt","כְּתוּ׳","כתישא","","false"
"X6 abbreviated alt (ends ׳)","K01373","alt","כִּי׳","כתמא","","false"
"X6 abbreviated alt (ends ׳)","K01389","alt","כִּי׳","כתר-4","","false"
"X6 abbreviated alt (ends ׳)","K01389","alt","כּוּ׳","כתר-4","","false"
"X6 abbreviated alt (ends ׳)","L00031","alt","לִי׳","לב-2","","false"
"X6 abbreviated alt (ends ׳)","L00044","alt","לִי׳","לבדא-1","","false"
"X6 abbreviated alt (ends ׳)","L00060","alt","לְבִי׳","לבוש-2","","false"
"X6 abbreviated alt (ends ׳)","L00078","alt","לְבוּ׳","לביצין","","false"
"X6 abbreviated alt (ends ׳)","L00087","alt","לִיבְ׳","לבלבא","","false"
"X6 abbreviated alt (ends ׳)","L00093","alt","לַב׳","לבלר-2","","false"
"X6 abbreviated alt (ends ׳)","L00093","alt","לִיבְ׳","לבלר-2","","false"
"X6 abbreviated alt (ends ׳)","L00102","alt","לִי׳","לבנא","","false"
"X6 abbreviated alt (ends ׳)","L00103","alt","לְבֵי׳","לבנה-1","","false"
"X6 abbreviated alt (ends ׳)","L00111","alt","לִיבְ׳","לבנן","","false"
"X6 abbreviated alt (ends ׳)","L00117","alt","לַבְרָ׳","לברניא","","false"
"X6 abbreviated alt (ends ׳)","L00125","alt","לִיגָ׳","לגטון","","false"
"X6 abbreviated alt (ends ׳)","L00128","alt","לִי׳","לגיון-2","","false"
"X6 abbreviated alt (ends ׳)","L00135","alt","לִיגְ׳","לגלג-1","","false"
"X6 abbreviated alt (ends ׳)","L00138","alt","לִיגְ׳","לגלוג-1","","false"
"X6 abbreviated alt (ends ׳)","L00139","alt","לִיגְ׳","לגלוג-2","","false"
"X6 abbreviated alt (ends ׳)","L00141","alt","לִיגְ׳","לגנא","","false"
"X6 abbreviated alt (ends ׳)","L00252","alt","לֵי׳","לויא","","false"
"X6 abbreviated alt (ends ׳)","L00258","alt","לְוָו׳","לוייתא","","false"
"X6 abbreviated alt (ends ׳)","L00262","alt","לִיוְ׳","לויתן","","false"
"X6 abbreviated alt (ends ׳)","L00280","alt","לוּלְיָא׳","לוליינוס","","false"
"X6 abbreviated alt (ends ׳)","L00281","alt","לוּלְיָא׳","לולייני","","false"
"X6 abbreviated alt (ends ׳)","L00281","alt","לוּלְיָ׳","לולייני","","false"
"X6 abbreviated alt (ends ׳)","L00282","alt","לוּלְיָא׳","לוליינית","","false"
"X6 abbreviated alt (ends ׳)","L00282","alt","לוּלְיָ׳","לוליינית","","false"
"X6 abbreviated alt (ends ׳)","L00299","alt","לוּ׳","לועא","","false"
"X6 abbreviated alt (ends ׳)","L00319","alt","לַוְקְיָיא׳","לוקיאני","","false"
"X6 abbreviated alt (ends ׳)","L00319","alt","לַוְו׳","לוקיאני","","false"
"X6 abbreviated alt (ends ׳)","L00322","alt","לַוְו׳","לוקן","","false"
"X6 abbreviated alt (ends ׳)","L00322","alt","לַבְ׳","לוקן","","false"
"X6 abbreviated alt (ends ׳)","L00346","alt","לְחַיָּ׳","לחייתא","","false"
"X6 abbreviated alt (ends ׳)","L00351","alt","לְחֵינָ׳","לחינתא","","false"
"X6 abbreviated alt (ends ׳)","L00358","alt","לִיחְ׳","לחלוחית","","false"
"X6 abbreviated alt (ends ׳)","L00360","alt","לִיחְ׳","לחלוך","","false"
"X6 abbreviated alt (ends ׳)","L00378","alt","לוּ׳","לחתא","","false"
"X6 abbreviated alt (ends ׳)","L00404","alt","לֵיע׳","ליאו","","false"
"X6 abbreviated alt (ends ׳)","L00413","alt","לִבּ׳","ליבון-1","","false"
"X6 abbreviated alt (ends ׳)","L00434","alt","לְוְו׳","ליווקאי","","false"
"X6 abbreviated alt (ends ׳)","L00480","alt","לִמּ׳","לימודים","","false"
"X6 abbreviated alt (ends ׳)","L00497","alt","לִסְ׳","ליסטיותא","","false"
"X6 abbreviated alt (ends ׳)","L00498","alt","לִסְ׳","ליסטיס","","false"
"X6 abbreviated alt (ends ׳)","L00514","alt","לִצְּ׳","ליצוי","","false"
"X6 abbreviated alt (ends ׳)","L00515","alt","לַיְי׳","ליצן-1","","false"
"X6 abbreviated alt (ends ׳)","L00519","alt","לִקּ׳","ליקוח","","false"
"X6 abbreviated alt (ends ׳)","L00526","alt","לִי׳","ליש-4","","false"
"X6 abbreviated alt (ends ׳)","L00531","alt","לִשָׁ׳","לישן","","false"
"X6 abbreviated alt (ends ׳)","L00551","alt","לִיכְ׳","לכלוך","","false"
"X6 abbreviated alt (ends ׳)","L00552","alt","לִיכְ׳","לכלוכית","","false"
"X6 abbreviated alt (ends ׳)","L00553","alt","לִיכְ׳","לכלך-1","","false"
"X6 abbreviated alt (ends ׳)","L00577","alt","לִימְ׳","למלם","","false"
"X6 abbreviated alt (ends ׳)","L00590","alt","לִיסְ׳","לסתא","","false"
"X6 abbreviated alt (ends ׳)","L00601","alt","לְעֵי׳","לעונים","","false"
"X6 abbreviated alt (ends ׳)","L00648","alt","לִי׳","לפצא","","false"
"X6 abbreviated alt (ends ׳)","L00653","alt","לִיפְ׳","לפתא","","false"
"X6 abbreviated alt (ends ׳)","L00654","alt","לִיפְ׳","לפתותא","","false"
"X6 abbreviated alt (ends ׳)","L00656","alt","לִיפְ׳","לפתן","","false"
"X6 abbreviated alt (ends ׳)","L00657","alt","לִיפְ׳","לפתנא","","false"
"X6 abbreviated alt (ends ׳)","L00695","alt","לְקִי׳","לקישותא","","false"
"X6 abbreviated alt (ends ׳)","L00707","alt","לִישְׁ׳","לשכה","","false"
"X6 abbreviated alt (ends ׳)","L00708","alt","לִישְׁ׳","לשכתא","","false"
"X6 abbreviated alt (ends ׳)","L00709","alt","לִי׳","לשלושתא","","false"
"X6 abbreviated alt (ends ׳)","L00710","alt","לִי׳","לשלשת","","false"
"X6 abbreviated alt (ends ׳)","M00020","alt","מֵ׳","מאחא","","false"
"X6 abbreviated alt (ends ׳)","M00061","alt","מְאֵי׳","מארה","","false"
"X6 abbreviated alt (ends ׳)","M00093","alt","מִבְ׳","מבע","","false"
"X6 abbreviated alt (ends ׳)","M00098","alt","מָבְ׳","מברי","","false"
"X6 abbreviated alt (ends ׳)","M00117","alt","מִגְ׳","מגדא-1","","false"
"X6 abbreviated alt (ends ׳)","M00117","alt","מִיגְ׳","מגדא-1","","false"
"X6 abbreviated alt (ends ׳)","M00118","alt","מִיגְ׳","מגדא-2","","false"
"X6 abbreviated alt (ends ׳)","M00121","alt","מַגְ׳","מגדל-2","","false"
"X6 abbreviated alt (ends ׳)","M00121","alt","מוּגְ׳","מגדל-2","","false"
"X6 abbreviated alt (ends ׳)","M00122","alt","מוּגְ׳","מגדלאה","","false"
"X6 abbreviated alt (ends ׳)","M00125","alt","מַגְ׳","מגדנין","","false"
"X6 abbreviated alt (ends ׳)","M00148","alt","מִיגְ׳","מגזרא","","false"
"X6 abbreviated alt (ends ׳)","M00165","alt","מָגִסְ׳","מגיסטיר","","false"
"X6 abbreviated alt (ends ׳)","M00167","alt","מְגוּ׳","מגיסתא-1","","false"
"X6 abbreviated alt (ends ׳)","M00168","alt","מְגוּ׳","מגיסתא-2","","false"
"X6 abbreviated alt (ends ׳)","M00171","alt","מָגוֹ׳","מגיר-2","","false"
"X6 abbreviated alt (ends ׳)","M00180","alt","מַגָּ׳","מגל-2","","false"
"X6 abbreviated alt (ends ׳)","M00187","alt","מְגִילְ׳","מגלתא","","false"
"X6 abbreviated alt (ends ׳)","M00204","alt","מַגֵּי׳","מגפה","","false"
"X6 abbreviated alt (ends ׳)","M00206","alt","מַגֵּיפְ׳","מגפתא","","false"
"X6 abbreviated alt (ends ׳)","M00223","alt","מַגְרֵי׳","מגרפה","","false"
"X6 abbreviated alt (ends ׳)","M00248","alt","מַדְבְּרָ׳","מדברנותא","","false"
"X6 abbreviated alt (ends ׳)","M00296","alt","מַדִּי׳","מדינחא","","false"
"X6 abbreviated alt (ends ׳)","M00316","alt","מִ׳","מדע-2","","false"
"X6 abbreviated alt (ends ׳)","M00317","alt","מִידַּ׳","מדעם","","false"
"X6 abbreviated alt (ends ׳)","M00328","alt","מַדְרֵי׳","מדרגה","","false"
"X6 abbreviated alt (ends ׳)","M00331","alt","מִדְּ׳","מדרון-1","","false"
"X6 abbreviated alt (ends ׳)","M00332","alt","מוֹדְ׳","מדרון-2","","false"
"X6 abbreviated alt (ends ׳)","M00338","alt","מֶדְ׳","מדרשא","","false"
"X6 abbreviated alt (ends ׳)","M00354","alt","מָ׳","מהולתא-2","","false"
"X6 abbreviated alt (ends ׳)","M00373","alt","מַחֲ׳","מהמורות","","false"
"X6 abbreviated alt (ends ׳)","M00391","alt","מובילי׳","מובילותא","","false"
"X6 abbreviated alt (ends ׳)","M00425","alt","מוֹהֲבִי׳","מוהבותא","","false"
"X6 abbreviated alt (ends ׳)","M00539","alt","מָנְ׳","מונייק","","false"
"X6 abbreviated alt (ends ׳)","M00586","alt","מַקְ׳","מוקדוניא","","false"
"X6 abbreviated alt (ends ׳)","M00625","alt","מַרְדְּ׳","מורדקא","","false"
"X6 abbreviated alt (ends ׳)","M00638","alt","מַרְטַ׳","מורטניא","","false"
"X6 abbreviated alt (ends ׳)","M00664","alt","מוּרְנִי׳","מורניתא","","false"
"X6 abbreviated alt (ends ׳)","M00711","alt","מְזוֹבְנָ׳","מזבננא","","false"
"X6 abbreviated alt (ends ׳)","M00716","alt","מִיזְ׳","מזגא-1","","false"
"X6 abbreviated alt (ends ׳)","M00788","alt","מַזִּירְ׳","מזרק-2","","false"
"X6 abbreviated alt (ends ׳)","M00833","alt","מִיחְ׳","מחור","","false"
"X6 abbreviated alt (ends ׳)","M00842","alt","מִיחְ׳","מחזי","","false"
"X6 abbreviated alt (ends ׳)","M00902","alt","מַחְמְ׳","מחמר","","false"
"X6 abbreviated alt (ends ׳)","M00911","alt","מְחָ׳","מחסיל","","false"
"X6 abbreviated alt (ends ׳)","M00977","alt","מְטַלְטֶ׳","מטוטלת","","false"
"X6 abbreviated alt (ends ׳)","M00982","alt","מְטוֹ׳","מטול-4","","false"
"X6 abbreviated alt (ends ׳)","M00994","alt","מִיטַּ׳","מטטרון","","false"
"X6 abbreviated alt (ends ׳)","M00997","alt","מִיטַ׳","מטכסא-2","","false"
"X6 abbreviated alt (ends ׳)","M00997","alt","מְטַקְ׳","מטכסא-2","","false"
"X6 abbreviated alt (ends ׳)","M01006","alt","מִיטַּ׳","מטלטלין","","false"
"X6 abbreviated alt (ends ׳)","M01019","alt","מִיטְ׳","מטמוט","","false"
"X6 abbreviated alt (ends ׳)","M01069","alt","מִיטַּ׳","מטרפסא","","false"
"X6 abbreviated alt (ends ׳)","M01071","alt","מְטַ׳","מטרתא","","false"
"X6 abbreviated alt (ends ׳)","M01127","alt","מְטָ׳","מיטטור","","false"
"X6 abbreviated alt (ends ׳)","M01139","alt","מַיּ׳","מיין","","false"
"X6 abbreviated alt (ends ׳)","M01173","alt","מְלוֹט׳","מילוטומיא","","false"
"X6 abbreviated alt (ends ׳)","M01174","alt","מִלּ׳","מילוי","","false"
"X6 abbreviated alt (ends ׳)","M01175","alt","מִלּ׳","מילול","","false"
"X6 abbreviated alt (ends ׳)","M01192","alt","מִלְ׳","מילפפון","","false"
"X6 abbreviated alt (ends ׳)","M01193","alt","מִלְ׳","מילפפונא","","false"
"X6 abbreviated alt (ends ׳)","M01217","alt","מְיַי׳","מינוק","","false"
"X6 abbreviated alt (ends ׳)","M01226","alt","מֵנִי׳","מיניקות","","false"
"X6 abbreviated alt (ends ׳)","M01231","alt","מְיַי׳","מינקא","","false"
"X6 abbreviated alt (ends ׳)","M01274","alt","מִצּ׳","מיצוי","","false"
"X6 abbreviated alt (ends ׳)","M01275","alt","מִצּ׳","מיצוע","","false"
"X6 abbreviated alt (ends ׳)","M01276","alt","מִצְ׳","מיצטרא","","false"
"X6 abbreviated alt (ends ׳)","M01279","alt","מַצּ׳","מיצע","","false"
"X6 abbreviated alt (ends ׳)","M01318","alt","מֵשְׁ׳","מישרא-1","","false"
"X6 abbreviated alt (ends ׳)","M01327","alt","מִתּ׳","מיתוח","","false"
"X6 abbreviated alt (ends ׳)","M01328","alt","מִתּ׳","מיתון","","false"
"X6 abbreviated alt (ends ׳)","M01348","alt","מַכְ׳","מכבר","","false"
"X6 abbreviated alt (ends ׳)","M01355","alt","מַכְ׳","מכוור","","false"
"X6 abbreviated alt (ends ׳)","M01379","alt","מְכִל׳","מכילא","","false"
"X6 abbreviated alt (ends ׳)","M01393","alt","מִי׳","מכלה-1","","false"
"X6 abbreviated alt (ends ׳)","M01416","alt","מִכְ׳","מכנסין","","false"
"X6 abbreviated alt (ends ׳)","M01420","alt","מִיכְ׳","מכסא-1","","false"
"X6 abbreviated alt (ends ׳)","M01424","alt","מַכְסִי׳","מכסורין","","false"
"X6 abbreviated alt (ends ׳)","M01484","alt","מַלְבֵּינְ׳","מלבנתא","","false"
"X6 abbreviated alt (ends ׳)","M01489","alt","מִי׳","מלה","","false"
"X6 abbreviated alt (ends ׳)","M01524","alt","מִי׳","מלח-5","","false"
"X6 abbreviated alt (ends ׳)","M01568","alt","מִי׳","מליתא-2","","false"
"X6 abbreviated alt (ends ׳)","M01574","alt","מֵי׳","מלך-6","","false"
"X6 abbreviated alt (ends ׳)","M01574","alt","מִי׳","מלך-6","","false"
"X6 abbreviated alt (ends ׳)","M01585","alt","מִילְ׳","מלכנא","","false"
"X6 abbreviated alt (ends ׳)","M01587","alt","מִילְ׳","מלכתא-2","","false"
"X6 abbreviated alt (ends ׳)","M01588","alt","מִילְ׳","מלכתנותא","","false"
"X6 abbreviated alt (ends ׳)","M01597","alt","מִי׳","מללא-2","","false"
"X6 abbreviated alt (ends ׳)","M01660","alt","מַמְזֵי׳","ממזרא","","false"
"X6 abbreviated alt (ends ׳)","M01661","alt","מַמְזֵי׳","ממזרות","","false"
"X6 abbreviated alt (ends ׳)","M01662","alt","מַמְזֵי׳","ממזרי","","false"
"X6 abbreviated alt (ends ׳)","M01665","alt","מָמִקְ׳","ממיקנא","","false"
"X6 abbreviated alt (ends ׳)","M01666","alt","מְמִקְ׳","ממיקנותא","","false"
"X6 abbreviated alt (ends ׳)","M01755","alt","מַנְזִיחְ׳","מנזחנא","","false"
"X6 abbreviated alt (ends ׳)","M01756","alt","מַנְזִקְ׳","מנזיקנא","","false"
"X6 abbreviated alt (ends ׳)","M01764","alt","מִנְחֲ׳","מנחתא","","false"
"X6 abbreviated alt (ends ׳)","M01766","alt","מִי׳","מנטר","","false"
"X6 abbreviated alt (ends ׳)","M01774","alt","מִי׳","מניומי","","false"
"X6 abbreviated alt (ends ׳)","M01782","alt","מְ׳","מניכא","","false"
"X6 abbreviated alt (ends ׳)","M01784","alt","מִנְיָי׳","מנימין","","false"
"X6 abbreviated alt (ends ׳)","M01784","alt","מִינְ׳","מנימין","","false"
"X6 abbreviated alt (ends ׳)","M01786","alt","מִי׳","מנין-2","","false"
"X6 abbreviated alt (ends ׳)","M01787","alt","מִנְיָי׳","מנין-3","","false"
"X6 abbreviated alt (ends ׳)","M01787","alt","מִי׳","מנין-3","","false"
"X6 abbreviated alt (ends ׳)","M01796","alt","מִי׳","מנן","","false"
"X6 abbreviated alt (ends ׳)","M01817","alt","מְנַר׳","מנרתא","","false"
"X6 abbreviated alt (ends ׳)","M01839","alt","מֵי׳","מסב-2","","false"
"X6 abbreviated alt (ends ׳)","M01841","alt","מְסִי׳","מסבתא","","false"
"X6 abbreviated alt (ends ׳)","M01849","alt","מַסְגֵּי׳","מסגרא","","false"
"X6 abbreviated alt (ends ׳)","M01905","alt","מִסְטוּ׳","מסטירין","","false"
"X6 abbreviated alt (ends ׳)","M01905","alt","מִיסְ׳","מסטירין","","false"
"X6 abbreviated alt (ends ׳)","M01907","alt","מַסְטְ׳","מסטרין","","false"
"X6 abbreviated alt (ends ׳)","M01907","alt","מְסַטְּ׳","מסטרין","","false"
"X6 abbreviated alt (ends ׳)","M01922","alt","מוּסְ׳","מסימיס","","false"
"X6 abbreviated alt (ends ׳)","M01950","alt","מִסְכֵּי׳","מסכן-4","","false"
"X6 abbreviated alt (ends ׳)","M01950","alt","מִיסְ׳","מסכן-4","","false"
"X6 abbreviated alt (ends ׳)","M01952","alt","מִסְכֵּי׳","מסכנו","","false"
"X6 abbreviated alt (ends ׳)","M01952","alt","מִי׳","מסכנו","","false"
"X6 abbreviated alt (ends ׳)","M01991","alt","מִי׳","מספק","","false"
"X6 abbreviated alt (ends ׳)","M02029","alt","מַסְרִי׳","מסרקא","","false"
"X6 abbreviated alt (ends ׳)","M02031","alt","מַסְרֵי׳","מסרתא-1","","false"
"X6 abbreviated alt (ends ׳)","M02034","alt","מִי׳","מסתא","","false"
"X6 abbreviated alt (ends ׳)","M02039","alt","מִי׳","מסתיא","","false"
"X6 abbreviated alt (ends ׳)","M02127","alt","מֵי׳","מעלא","","false"
"X6 abbreviated alt (ends ׳)","M02160","alt","מַעַצְ׳","מעצרא","","false"
"X6 abbreviated alt (ends ׳)","M02161","alt","מַעֲצַ׳","מעצרתא-1","","false"
"X6 abbreviated alt (ends ׳)","M02177","alt","מַעֲרוּ׳","מערוקא","","false"
"X6 abbreviated alt (ends ׳)","M02189","alt","מַעְסְ׳","מעשרא","","false"
"X6 abbreviated alt (ends ׳)","M02189","alt","מַעַ׳","מעשרא","","false"
"X6 abbreviated alt (ends ׳)","M02211","alt","מְפִבֹ׳","מפיבשת","","false"
"X6 abbreviated alt (ends ׳)","M02234","alt","מִיפְ׳","מפסלתא","","false"
"X6 abbreviated alt (ends ׳)","M02320","alt","מַצִּי׳","מצינפא","","false"
"X6 abbreviated alt (ends ׳)","M02357","alt","מִיצְ׳","מצר-6","","false"
"X6 abbreviated alt (ends ׳)","M02358","alt","מִי׳","מצר-7","","false"
"X6 abbreviated alt (ends ׳)","M02360","alt","מִי׳","מצראה-1","","false"
"X6 abbreviated alt (ends ׳)","M02385","alt","מוּקְ׳","מקדש-2","","false"
"X6 abbreviated alt (ends ׳)","M02508","alt","מַרְבְּעִי׳","מרבעתא","","false"
"X6 abbreviated alt (ends ׳)","M02533","alt","מֵי׳","מרד-6","","false"
"X6 abbreviated alt (ends ׳)","M02613","alt","מָרְוְו׳","מרותא","","false"
"X6 abbreviated alt (ends ׳)","M02625","alt","מַרְזֵי׳","מרזחא","","false"
"X6 abbreviated alt (ends ׳)","M02638","alt","מְרָ׳","מרחקא","","false"
"X6 abbreviated alt (ends ׳)","M02699","alt","מֶרְ׳","מרכבא","","false"
"X6 abbreviated alt (ends ׳)","M02717","alt","מַרְמֵי׳","מרמירא","","false"
"X6 abbreviated alt (ends ׳)","M02728","alt","מֵי׳","מרע-1","","false"
"X6 abbreviated alt (ends ׳)","M02735","alt","מִרְ׳","מרעי-1","","false"
"X6 abbreviated alt (ends ׳)","M02742","alt","מַרְעֵי׳","מרעלא","","false"
"X6 abbreviated alt (ends ׳)","M02792","alt","מַרְתֵּי׳","מרתפא","","false"
"X6 abbreviated alt (ends ׳)","M02850","alt","מִישְׁ׳","משח-5","","false"
"X6 abbreviated alt (ends ׳)","M02851","alt","מִי׳","משח-6","","false"
"X6 abbreviated alt (ends ׳)","M02893","alt","מִישְׁ׳","משך-4","","false"
"X6 abbreviated alt (ends ׳)","M02893","alt","מוֹשְׁ׳","משך-4","","false"
"X6 abbreviated alt (ends ׳)","M02896","alt","מִשְׁ׳","משכבא","","false"
"X6 abbreviated alt (ends ׳)","M02908","alt","מִ׳","משכנא","","false"
"X6 abbreviated alt (ends ׳)","M02909","alt","מִישְׁ׳","משכנותא","","false"
"X6 abbreviated alt (ends ׳)","M02919","alt","מִי׳","משלם","","false"
"X6 abbreviated alt (ends ׳)","M02937","alt","מְמַשְׁמְ׳","משמשנית","","false"
"X6 abbreviated alt (ends ׳)","M02963","alt","מַשְׁקוּ׳","משקופי","","false"
"X6 abbreviated alt (ends ׳)","M02977","alt","מִ׳","משרי","","false"
"X6 abbreviated alt (ends ׳)","M02978","alt","מַשִּׁירְ׳","משריתא","","false"
"X6 abbreviated alt (ends ׳)","M02986","alt","מַשָּׁ׳","משש-3","","false"
"X6 abbreviated alt (ends ׳)","M02992","alt","מִישְׁ׳","משתותא-1","","false"
"X6 abbreviated alt (ends ׳)","M02995","alt","מִי׳","משתי-2","","false"
"X6 abbreviated alt (ends ׳)","M02999","alt","מַשְׁתֵּי׳","משתיתא-2","","false"
"X6 abbreviated alt (ends ׳)","M03015","alt","מִי׳","מתגא","","false"
"X6 abbreviated alt (ends ׳)","M03021","alt","מַתְוָו׳","מתויא","","false"
"X6 abbreviated alt (ends ׳)","M03036","alt","מְתֻרְ׳","מתורגמן-2","","false"
"X6 abbreviated alt (ends ׳)","M03086","alt","מִי׳","מתנא-4","","false"
"X6 abbreviated alt (ends ׳)","M03086","alt","מוֹ׳","מתנא-4","","false"
"X6 abbreviated alt (ends ׳)","M03095","alt","מַתְּ׳","מתנן","","false"
"X6 abbreviated alt (ends ׳)","M03108","alt","מְתָ׳","מתרכא","","false"
"X6 abbreviated alt (ends ׳)","N00058","alt","נִי׳","נבוריא","","false"
"X6 abbreviated alt (ends ׳)","N00094","alt","נִי׳","נבל-6","","false"
"X6 abbreviated alt (ends ׳)","N00095","alt","נִי׳","נבלא-1","","false"
"X6 abbreviated alt (ends ׳)","N00097","alt","נְבֵי׳","נבלה-1","","false"
"X6 abbreviated alt (ends ׳)","N00100","alt","נְבֵי׳","נבלתא","","false"
"X6 abbreviated alt (ends ׳)","N00111","alt","נִב׳","נברשתא","","false"
"X6 abbreviated alt (ends ׳)","N00120","alt","נַגְ׳","נגדא-1","","false"
"X6 abbreviated alt (ends ׳)","N00120","alt","נוּגְ׳","נגדא-1","","false"
"X6 abbreviated alt (ends ׳)","N00121","alt","נִי׳","נגדא-2","","false"
"X6 abbreviated alt (ends ׳)","N00122","alt","נִי׳","נגדא-3","","false"
"X6 abbreviated alt (ends ׳)","N00139","alt","נַגְוָ׳","נגוון","","false"
"X6 abbreviated alt (ends ׳)","N00144","alt","נִיגְ׳","נגזל","","false"
"X6 abbreviated alt (ends ׳)","N00203","alt","נִי׳","נדבא","","false"
"X6 abbreviated alt (ends ׳)","N00205","alt","נִי׳","נדבה-2","","false"
"X6 abbreviated alt (ends ׳)","N00208","alt","נִידְ׳","נדבך-2","","false"
"X6 abbreviated alt (ends ׳)","N00213","alt","נִי׳","נדדת","","false"
"X6 abbreviated alt (ends ׳)","N00218","alt","נְדוֹ׳","נדונא","","false"
"X6 abbreviated alt (ends ׳)","N00227","alt","נִי׳","נדיין-2","","false"
"X6 abbreviated alt (ends ׳)","N00235","alt","נִי׳","נדנוד","","false"
"X6 abbreviated alt (ends ׳)","N00243","alt","נִי׳","נדר-5","","false"
"X6 abbreviated alt (ends ׳)","N00425","alt","נִיזְ׳","נזבא","","false"
"X6 abbreviated alt (ends ׳)","N00428","alt","נִיזְ׳","נזהא","","false"
"X6 abbreviated alt (ends ׳)","N00462","alt","נִיזְ׳","נזק-4","","false"
"X6 abbreviated alt (ends ׳)","N00467","alt","נִי׳","נזרא","","false"
"X6 abbreviated alt (ends ׳)","N00481","alt","נְחֻשְׁ׳","נחושתן-1","","false"
"X6 abbreviated alt (ends ׳)","N00482","alt","נְחֻשְׁ׳","נחושתן-2","","false"
"X6 abbreviated alt (ends ׳)","N00528","alt","נַחְשִׁרְ׳","נחשירכן","","false"
"X6 abbreviated alt (ends ׳)","N00537","alt","נַחְתּוּ׳","נחתום-2","","false"
"X6 abbreviated alt (ends ׳)","N00608","alt","נִבּ׳","ניבול","","false"
"X6 abbreviated alt (ends ׳)","N00616","alt","נִגּ׳","ניגון","","false"
"X6 abbreviated alt (ends ׳)","N00617","alt","נִגּ׳","ניגונא","","false"
"X6 abbreviated alt (ends ׳)","N00620","alt","נִגְ׳","ניגרא","","false"
"X6 abbreviated alt (ends ׳)","N00624","alt","נִדּ׳","נידוי","","false"
"X6 abbreviated alt (ends ׳)","N00632","alt","נִוּוּ׳","ניוולא","","false"
"X6 abbreviated alt (ends ׳)","N00638","alt","נְיוּ׳","ניומתא","","false"
"X6 abbreviated alt (ends ׳)","N00649","alt","נִח׳","ניחום","","false"
"X6 abbreviated alt (ends ׳)","N00666","alt","נִכּ׳","ניכוש","","false"
"X6 abbreviated alt (ends ׳)","N00682","alt","נִימוּ׳","נימוסא","","false"
"X6 abbreviated alt (ends ׳)","N00684","alt","נִמּ׳","נימוק-2","","false"
"X6 abbreviated alt (ends ׳)","N00688","alt","נִמְ׳","נימפיון","","false"
"X6 abbreviated alt (ends ׳)","N00694","alt","נִנְ׳","ניניא-1","","false"
"X6 abbreviated alt (ends ׳)","N00695","alt","נִנְ׳","ניניא-2","","false"
"X6 abbreviated alt (ends ׳)","N00697","alt","נִנְ׳","נינפי","","false"
"X6 abbreviated alt (ends ׳)","N00703","alt","נִסּ׳","ניסוך-1","","false"
"X6 abbreviated alt (ends ׳)","N00704","alt","נִסּ׳","ניסוך-2","","false"
"X6 abbreviated alt (ends ׳)","N00728","alt","נִפּ׳","ניפול-1","","false"
"X6 abbreviated alt (ends ׳)","N00729","alt","נִפּ׳","ניפול-2","","false"
"X6 abbreviated alt (ends ׳)","N00737","alt","נִפְ׳","ניפלא-1","","false"
"X6 abbreviated alt (ends ׳)","N00746","alt","נִצּ׳","ניצוח","","false"
"X6 abbreviated alt (ends ׳)","N00748","alt","נִצּ׳","ניצויי","","false"
"X6 abbreviated alt (ends ׳)","N00750","alt","נִצּ׳","ניצולת","","false"
"X6 abbreviated alt (ends ׳)","N00759","alt","נִצָּ׳","ניצנא","","false"
"X6 abbreviated alt (ends ׳)","N00763","alt","נִקּ׳","ניקוד","","false"
"X6 abbreviated alt (ends ׳)","N00764","alt","נִקּ׳","ניקוי","","false"
"X6 abbreviated alt (ends ׳)","N00768","alt","נִקּ׳","ניקוף-1","","false"
"X6 abbreviated alt (ends ׳)","N00769","alt","נִקּ׳","ניקוף-2","","false"
"X6 abbreviated alt (ends ׳)","N00770","alt","נִקּ׳","ניקור","","false"
"X6 abbreviated alt (ends ׳)","N00772","alt","נִקּ׳","ניקושא","","false"
"X6 abbreviated alt (ends ׳)","N00773","alt","נְקַ׳","ניקטמון","","false"
"X6 abbreviated alt (ends ׳)","N00780","alt","נִקָ׳","ניקנור","","false"
"X6 abbreviated alt (ends ׳)","N00794","alt","נִשְׁ׳","נישדור","","false"
"X6 abbreviated alt (ends ׳)","N00795","alt","נִשּׂ׳","נישואין-1","","false"
"X6 abbreviated alt (ends ׳)","N00803","alt","נִתּ׳","ניתוח","","false"
"X6 abbreviated alt (ends ׳)","N00834","alt","נִי׳","נכל-2","","false"
"X6 abbreviated alt (ends ׳)","N00838","alt","נִי׳","נכסא","","false"
"X6 abbreviated alt (ends ׳)","N00842","alt","נִי׳","נכסין","","false"
"X6 abbreviated alt (ends ׳)","N00891","alt","נִי׳","נמר-3","","false"
"X6 abbreviated alt (ends ׳)","N00894","alt","נִי׳","נמרי","","false"
"X6 abbreviated alt (ends ׳)","N00913","alt","נִי׳","נס-3","","false"
"X6 abbreviated alt (ends ׳)","N00914","alt","נִי׳","נסא-1","","false"
"X6 abbreviated alt (ends ׳)","N00934","alt","נִיסָּ׳","נסיון-1","","false"
"X6 abbreviated alt (ends ׳)","N00935","alt","נִי׳","נסיון-2","","false"
"X6 abbreviated alt (ends ׳)","N00945","alt","נִי׳","נסיתא","","false"
"X6 abbreviated alt (ends ׳)","N00949","alt","נִי׳","נסכא-1","","false"
"X6 abbreviated alt (ends ׳)","N00950","alt","נִי׳","נסכא-2","","false"
"X6 abbreviated alt (ends ׳)","N00951","alt","נִי׳","נסכא-3","","false"
"X6 abbreviated alt (ends ׳)","N00963","alt","נִי׳","נסרא","","false"
"X6 abbreviated alt (ends ׳)","N00995","alt","נָעָ׳","נעמיתא","","false"
"X6 abbreviated alt (ends ׳)","N00999","alt","נִי׳","נענוע","","false"
"X6 abbreviated alt (ends ׳)","N01030","alt","נִי׳","נפחא-2","","false"
"X6 abbreviated alt (ends ׳)","N01041","alt","נְפִלִ׳","נפיל-1","","false"
"X6 abbreviated alt (ends ׳)","N01053","alt","נוֹ׳","נפך","","false"
"X6 abbreviated alt (ends ׳)","N01057","alt","נֵי׳","נפל-4","","false"
"X6 abbreviated alt (ends ׳)","N01077","alt","נִי׳","נפקא","","false"
"X6 abbreviated alt (ends ׳)","N01088","alt","נַפְתֹּחָ׳","נפתוחא","","false"
"X6 abbreviated alt (ends ׳)","N01089","alt","נִי׳","נפתי","","false"
"X6 abbreviated alt (ends ׳)","N01099","alt","נִי׳","נצבא","","false"
"X6 abbreviated alt (ends ׳)","N01105","alt","נִיצּ׳","נצוק","","false"
"X6 abbreviated alt (ends ׳)","N01113","alt","נִי׳","נצחון","","false"
"X6 abbreviated alt (ends ׳)","N01115","alt","נִי׳","נצחן-2","","false"
"X6 abbreviated alt (ends ׳)","N01133","alt","נֵי׳","נצל-3","","false"
"X6 abbreviated alt (ends ׳)","N01148","alt","נִי׳","נצרא","","false"
"X6 abbreviated alt (ends ׳)","N01158","alt","נִי׳","נקבא","","false"
"X6 abbreviated alt (ends ׳)","N01158","alt","נוּ׳","נקבא","","false"
"X6 abbreviated alt (ends ׳)","N01159","alt","נְקֵי׳","נקבה","","false"
"X6 abbreviated alt (ends ׳)","N01160","alt","נְקֵי׳","נקבות","","false"
"X6 abbreviated alt (ends ׳)","N01169","alt","נוֹקְדָ׳","נקדנא","","false"
"X6 abbreviated alt (ends ׳)","N01202","alt","נִי׳","נקיון","","false"
"X6 abbreviated alt (ends ׳)","N01239","alt","נִי׳","נקפי","","false"
"X6 abbreviated alt (ends ׳)","N01240","alt","נִי׳","נקצא","","false"
"X6 abbreviated alt (ends ׳)","N01246","alt","נִי׳","נקרא","","false"
"X6 abbreviated alt (ends ׳)","N01266","alt","נִי׳","נרדא","","false"
"X6 abbreviated alt (ends ׳)","N01288","alt","נִי׳","נשבא","","false"
"X6 abbreviated alt (ends ׳)","N01289","alt","נִי׳","נשבים","","false"
"X6 abbreviated alt (ends ׳)","N01305","alt","נְסִ׳","נשיאה-1","","false"
"X6 abbreviated alt (ends ׳)","N01308","alt","נְסִי׳","נשיאותא","","false"
"X6 abbreviated alt (ends ׳)","N01349","alt","נִי׳","נשר-5","","false"
"X6 abbreviated alt (ends ׳)","N01390","alt","נִי׳","נתקא","","false"
"X6 abbreviated alt (ends ׳)","N01396","alt","נִי׳","נתרא-1","","false"
"X6 abbreviated alt (ends ׳)","N01397","alt","נִי׳","נתרא-2","","false"
"X6 abbreviated alt (ends ׳)","O00051","alt","סַמְבַּ׳","סבטיון","","false"
"X6 abbreviated alt (ends ׳)","O00051","alt","סַנְבַּ׳","סבטיון","","false"
"X6 abbreviated alt (ends ׳)","O00067","alt","סִי׳","סבכא","","false"
"X6 abbreviated alt (ends ׳)","O00068","alt","שְׂ׳","סבכה","","false"
"X6 abbreviated alt (ends ׳)","O00075","alt","סִי׳","סבלון","","false"
"X6 abbreviated alt (ends ׳)","O00077","alt","סוּבְ׳","סבני","","false"
"X6 abbreviated alt (ends ׳)","O00077","alt","סִיבְ׳","סבני","","false"
"X6 abbreviated alt (ends ׳)","O00082","alt","סִיבְ׳","סבעא","","false"
"X6 abbreviated alt (ends ׳)","O00090","alt","סִי׳","סבר-7","","false"
"X6 abbreviated alt (ends ׳)","O00094","alt","סִיבַּרְ׳","סברותא","","false"
"X6 abbreviated alt (ends ׳)","O00101","alt","סִי׳","סגדא","","false"
"X6 abbreviated alt (ends ׳)","O00128","alt","סַגְיוּ׳","סגיאותא","","false"
"X6 abbreviated alt (ends ׳)","O00131","alt","סַגְיוּ׳","סגיותא","","false"
"X6 abbreviated alt (ends ׳)","O00155","alt","סִי׳","סגן-2","","false"
"X6 abbreviated alt (ends ׳)","O00162","alt","סִיגְ׳","סגעא","","false"
"X6 abbreviated alt (ends ׳)","O00203","alt","סִי׳","סדרא","","false"
"X6 abbreviated alt (ends ׳)","O00209","alt","סוֹדְ׳","סדרן-2","","false"
"X6 abbreviated alt (ends ׳)","O00213","alt","סַ׳","סהדא","","false"
"X6 abbreviated alt (ends ׳)","O00213","alt","שַׂ׳","סהדא","","false"
"X6 abbreviated alt (ends ׳)","O00214","alt","שַׂ׳","סהדו","","false"
"X6 abbreviated alt (ends ׳)","O00290","alt","סוֹ׳","סוטרא","","false"
"X6 abbreviated alt (ends ׳)","O00299","alt","שׂ׳","סוכה-1","","false"
"X6 abbreviated alt (ends ׳)","O00306","alt","שׂ׳","סוכלתן","","false"
"X6 abbreviated alt (ends ׳)","O00316","alt","סַלְ׳","סולגיתא","","false"
"X6 abbreviated alt (ends ׳)","O00345","alt","סוּמְכְוָ׳","סומכוון","","false"
"X6 abbreviated alt (ends ׳)","O00349","alt","סוּמְפֹּנְ׳","סומפוניה","","false"
"X6 abbreviated alt (ends ׳)","O00351","alt","סוּמְ׳","סומק-2","","false"
"X6 abbreviated alt (ends ׳)","O00357","alt","סֻמַּ׳","סומקתא-2","","false"
"X6 abbreviated alt (ends ׳)","O00393","alt","סוּ׳","סופינא","","false"
"X6 abbreviated alt (ends ׳)","O00470","alt","סָחְ׳","סחרנותא","","false"
"X6 abbreviated alt (ends ׳)","O00475","alt","סוֹטְ׳","סטדא","","false"
"X6 abbreviated alt (ends ׳)","O00499","alt","סִי׳","סטן-3","","false"
"X6 abbreviated alt (ends ׳)","O00504","alt","סִי׳","סטר-3","","false"
"X6 abbreviated alt (ends ׳)","O00504","alt","צִ׳","סטר-3","","false"
"X6 abbreviated alt (ends ׳)","O00530","alt","סֵב׳","סיבו","","false"
"X6 abbreviated alt (ends ׳)","O00535","alt","סִבּ׳","סיבולת","","false"
"X6 abbreviated alt (ends ׳)","O00536","alt","סִבּ׳","סיבור","","false"
"X6 abbreviated alt (ends ׳)","O00537","alt","סִבּ׳","סיבורא","","false"
"X6 abbreviated alt (ends ׳)","O00557","alt","סִגּ׳","סיגוף-1","","false"
"X6 abbreviated alt (ends ׳)","O00558","alt","סִגּ׳","סיגוף-2","","false"
"X6 abbreviated alt (ends ׳)","O00564","alt","סִגְ׳","סיגנא-2","","false"
"X6 abbreviated alt (ends ׳)","O00567","alt","סִגְ׳","סיגנום","","false"
"X6 abbreviated alt (ends ׳)","O00578","alt","סִדּ׳","סידוק","","false"
"X6 abbreviated alt (ends ׳)","O00579","alt","סִדּ׳","סידור-1","","false"
"X6 abbreviated alt (ends ׳)","O00581","alt","סִדּ׳","סידורא","","false"
"X6 abbreviated alt (ends ׳)","O00585","alt","סִדְ׳","סידקית","","false"
"X6 abbreviated alt (ends ׳)","O00595","alt","סְיוּ׳","סיוע-2","","false"
"X6 abbreviated alt (ends ׳)","O00604","alt","סִטּ׳","סיטומתא","","false"
"X6 abbreviated alt (ends ׳)","O00617","alt","סְיָ׳","סייג-2","","false"
"X6 abbreviated alt (ends ׳)","O00629","alt","סַיַּעְ׳","סייעתא","","false"
"X6 abbreviated alt (ends ׳)","O00642","alt","סִכּ׳","סיכוי","","false"
"X6 abbreviated alt (ends ׳)","O00643","alt","סִכּ׳","סיכויא","","false"
"X6 abbreviated alt (ends ׳)","O00644","alt","סִכּ׳","סיכוך","","false"
"X6 abbreviated alt (ends ׳)","O00645","alt","סִכּ׳","סיכולא","","false"
"X6 abbreviated alt (ends ׳)","O00646","alt","סִכּ׳","סיכון","","false"
"X6 abbreviated alt (ends ׳)","O00647","alt","סִכּ׳","סיכוף","","false"
"X6 abbreviated alt (ends ׳)","O00653","alt","סִכְ׳","סיכרא-1","","false"
"X6 abbreviated alt (ends ׳)","O00654","alt","סִכְ׳","סיכרא-2","","false"
"X6 abbreviated alt (ends ׳)","O00659","alt","סִלּ׳","סילון-3","","false"
"X6 abbreviated alt (ends ׳)","O00662","alt","סִלּ׳","סילוק","","false"
"X6 abbreviated alt (ends ׳)","O00666","alt","סִילִקְרָ׳","סיליקראות","","false"
"X6 abbreviated alt (ends ׳)","O00698","alt","סִמּ׳","סימוק","","false"
"X6 abbreviated alt (ends ׳)","O00699","alt","סִמְ׳","סימטא-1","","false"
"X6 abbreviated alt (ends ׳)","O00700","alt","סִמְ׳","סימטא-2","","false"
"X6 abbreviated alt (ends ׳)","O00706","alt","סִימִיסרִ׳","סימיסיריקין","","false"
"X6 abbreviated alt (ends ׳)","O00714","alt","סְמַנְ׳","סימנטיר","","false"
"X6 abbreviated alt (ends ׳)","O00714","alt","סימנטו׳","סימנטיר","","false"
"X6 abbreviated alt (ends ׳)","O00718","alt","סִמְ׳","סימפון","","false"
"X6 abbreviated alt (ends ׳)","O00719","alt","סִמְ׳","סימפונא","","false"
"X6 abbreviated alt (ends ׳)","O00720","alt","סִמְ׳","סימפוניא","","false"
"X6 abbreviated alt (ends ׳)","O00735","alt","סוּנְ׳","סינטומוס","","false"
"X6 abbreviated alt (ends ׳)","O00741","alt","סינקליטק׳","סינקליטוס","","false"
"X6 abbreviated alt (ends ׳)","O00743","alt","סִנָּ׳","סינרא","","false"
"X6 abbreviated alt (ends ׳)","O00763","alt","סוּסְ׳","סיסרטאי","","false"
"X6 abbreviated alt (ends ׳)","O00782","alt","סִפְ׳","סיפדא","","false"
"X6 abbreviated alt (ends ׳)","O00783","alt","סִפּ׳","סיפוג","","false"
"X6 abbreviated alt (ends ׳)","O00788","alt","סִפּ׳","סיפוק-1","","false"
"X6 abbreviated alt (ends ׳)","O00789","alt","סִפּ׳","סיפוק-2","","false"
"X6 abbreviated alt (ends ׳)","O00790","alt","סִפּ׳","סיפוק-3","","false"
"X6 abbreviated alt (ends ׳)","O00791","alt","סִפּ׳","סיפור","","false"
"X6 abbreviated alt (ends ׳)","O00794","alt","סִפְ׳","סיפטא","","false"
"X6 abbreviated alt (ends ׳)","O00806","alt","סִפְ׳","סיפתא-1","","false"
"X6 abbreviated alt (ends ׳)","O00806","alt","שִׂ׳","סיפתא-1","","false"
"X6 abbreviated alt (ends ׳)","O00810","alt","סִקֹ׳","סיקוסים-1","","false"
"X6 abbreviated alt (ends ׳)","O00811","alt","סִקֹ׳","סיקוסים-2","","false"
"X6 abbreviated alt (ends ׳)","O00814","alt","סִיקִי׳","סיקורה","","false"
"X6 abbreviated alt (ends ׳)","O00821","alt","סִקְ׳","סיקרא-2","","false"
"X6 abbreviated alt (ends ׳)","O00822","alt","סִקְ׳","סיקרא-3","","false"
"X6 abbreviated alt (ends ׳)","O00825","alt","סִקָ׳","סיקריקון","","false"
"X6 abbreviated alt (ends ׳)","O00831","alt","סִרְ׳","סירגול","","false"
"X6 abbreviated alt (ends ׳)","O00835","alt","סֵר׳","סירוב","","false"
"X6 abbreviated alt (ends ׳)","O00836","alt","סֵר׳","סירוג","","false"
"X6 abbreviated alt (ends ׳)","O00837","alt","סֵר׳","סירוח","","false"
"X6 abbreviated alt (ends ׳)","O00841","alt","סֵר׳","סירוס","","false"
"X6 abbreviated alt (ends ׳)","O00843","alt","סִרְ׳","סירחא-2","","false"
"X6 abbreviated alt (ends ׳)","O00844","alt","סֵרָ׳","סירחון","","false"
"X6 abbreviated alt (ends ׳)","O00864","alt","סִיתְוָ׳","סיתוא","","false"
"X6 abbreviated alt (ends ׳)","O00866","alt","סִתּ׳","סיתות","","false"
"X6 abbreviated alt (ends ׳)","O00876","alt","סַכְוָו׳","סכואה","","false"
"X6 abbreviated alt (ends ׳)","O00890","alt","סְ׳","סכותא-1","","false"
"X6 abbreviated alt (ends ׳)","O00891","alt","סְ׳","סכותא-2","","false"
"X6 abbreviated alt (ends ׳)","O00913","alt","סוּכְ׳","סכלא-1","","false"
"X6 abbreviated alt (ends ׳)","O00913","alt","שִׂ׳","סכלא-1","","false"
"X6 abbreviated alt (ends ׳)","O00913","alt","שׂוּ׳","סכלא-1","","false"
"X6 abbreviated alt (ends ׳)","O00916","alt","סָכְלְ׳","סכלתא","","false"
"X6 abbreviated alt (ends ׳)","O00925","alt","סִי׳","סכנא","","false"
"X6 abbreviated alt (ends ׳)","O00929","alt","סִי׳","סכנין-1","","false"
"X6 abbreviated alt (ends ׳)","O00945","alt","סִי׳","סכתא-1","","false"
"X6 abbreviated alt (ends ׳)","O00946","alt","סִיכְ׳","סכתא-2","","false"
"X6 abbreviated alt (ends ׳)","O00960","alt","סִי׳","סלוא-2","","false"
"X6 abbreviated alt (ends ׳)","O00989","alt","סְלוּ׳","סלילה","","false"
"X6 abbreviated alt (ends ׳)","O01010","alt","סִילְ׳","סלסול","","false"
"X6 abbreviated alt (ends ׳)","O01016","alt","סִי׳","סלעא","","false"
"X6 abbreviated alt (ends ׳)","O01028","alt","סִי׳","סלקא-1","","false"
"X6 abbreviated alt (ends ׳)","O01029","alt","סִי׳","סלקא-2","","false"
"X6 abbreviated alt (ends ׳)","O01045","alt","סוּלְ׳","סלת-5","","false"
"X6 abbreviated alt (ends ׳)","O01073","alt","סִמּוֹ׳","סמוקרי","","false"
"X6 abbreviated alt (ends ׳)","O01084","alt","סִי׳","סמיון","","false"
"X6 abbreviated alt (ends ׳)","O01085","alt","סִי׳","סמיונא","","false"
"X6 abbreviated alt (ends ׳)","O01105","alt","סִי׳","סמלון","","false"
"X6 abbreviated alt (ends ׳)","O01108","alt","סִי׳","סמלק","","false"
"X6 abbreviated alt (ends ׳)","O01124","alt","סִמְפֹּנְ׳","סמפון","","false"
"X6 abbreviated alt (ends ׳)","O01126","alt","סִימְ׳","סמפורין","","false"
"X6 abbreviated alt (ends ׳)","O01128","alt","סַנְפִּי׳","סמפירינון","","false"
"X6 abbreviated alt (ends ׳)","O01128","alt","סַמְפִּרִ׳","סמפירינון","","false"
"X6 abbreviated alt (ends ׳)","O01128","alt","סַנְפִּרִ׳","סמפירינון","","false"
"X6 abbreviated alt (ends ׳)","O01132","alt","סַ׳","סמקן","","false"
"X6 abbreviated alt (ends ׳)","O01168","alt","צִנַּ׳","סנבראי","","false"
"X6 abbreviated alt (ends ׳)","O01168","alt","צִינַּ׳","סנבראי","","false"
"X6 abbreviated alt (ends ׳)","O01199","alt","שְׂ׳","סנואתא","","false"
"X6 abbreviated alt (ends ׳)","O01205","alt","סִי׳","סנוק","","false"
"X6 abbreviated alt (ends ׳)","O01206","alt","סִינּ׳","סנוקרת","","false"
"X6 abbreviated alt (ends ׳)","O01218","alt","סַנְטֵי׳","סנטרא","","false"
"X6 abbreviated alt (ends ׳)","O01218","alt","סַנְטוֹ׳","סנטרא","","false"
"X6 abbreviated alt (ends ׳)","O01263","alt","סִינְ׳","סנקליטוס","","false"
"X6 abbreviated alt (ends ׳)","O01263","alt","סוּנְ׳","סנקליטוס","","false"
"X6 abbreviated alt (ends ׳)","O01265","alt","סִינְ׳","סנקלרטיקוס","","false"
"X6 abbreviated alt (ends ׳)","O01266","alt","סִינ׳","סנקתדרון","","false"
"X6 abbreviated alt (ends ׳)","O01266","alt","סוּנְ׳","סנקתדרון","","false"
"X6 abbreviated alt (ends ׳)","O01267","alt","סִינְ׳","סנקתדרוס","","false"
"X6 abbreviated alt (ends ׳)","O01267","alt","סוּנְ׳","סנקתדרוס","","false"
"X6 abbreviated alt (ends ׳)","O01272","alt","סַסְגְּוָו׳","ססגונא","","false"
"X6 abbreviated alt (ends ׳)","O01310","alt","סֵי׳","ספא-1","","false"
"X6 abbreviated alt (ends ׳)","O01326","alt","סִפְּ׳","ספווא","","false"
"X6 abbreviated alt (ends ׳)","O01368","alt","סְפִקוּלָ׳","ספיקולא-1","","false"
"X6 abbreviated alt (ends ׳)","O01382","alt","סִיפְ׳","ספלא","","false"
"X6 abbreviated alt (ends ׳)","O01398","alt","סִיפְ׳","ספסלא","","false"
"X6 abbreviated alt (ends ׳)","O01399","alt","סִיפְ׳","ספסף","","false"
"X6 abbreviated alt (ends ׳)","O01408","alt","סְפֵי׳","ספקא","","false"
"X6 abbreviated alt (ends ׳)","O01426","alt","סִי׳","ספרא-3","","false"
"X6 abbreviated alt (ends ׳)","O01481","alt","שְׁקִי׳","סקיפס","","false"
"X6 abbreviated alt (ends ׳)","O01605","alt","סְרִגְ׳","סריגתא","","false"
"X6 abbreviated alt (ends ׳)","O01610","alt","סֵי׳","סריות","","false"
"X6 abbreviated alt (ends ׳)","O01613","alt","סִירְ׳","סריינא","","false"
"X6 abbreviated alt (ends ׳)","O01637","alt","סִירְ׳","סרכא-1","","false"
"X6 abbreviated alt (ends ׳)","O01650","alt","סִירְ׳","סרסור-1","","false"
"X6 abbreviated alt (ends ׳)","O01651","alt","סִירְ׳","סרסור-2","","false"
"X6 abbreviated alt (ends ׳)","O01675","alt","סִירְ׳","סרקיא","","false"
"X6 abbreviated alt (ends ׳)","O01684","alt","סִי׳","סתוא","","false"
"X6 abbreviated alt (ends ׳)","O01685","alt","סִתְוָנִ׳","סתוונית","","false"
"X6 abbreviated alt (ends ׳)","O01685","alt","סִיתְ׳","סתוונית","","false"
"X6 abbreviated alt (ends ׳)","O01716","alt","סִי׳","סתרא","","false"
"X6 abbreviated alt (ends ׳)","P00054","alt","עֲבֵרְ׳","עבירתא","","false"
"X6 abbreviated alt (ends ׳)","P00063","alt","עָ׳","עבר-5","","false"
"X6 abbreviated alt (ends ׳)","P00072","alt","עִי׳","עברי-2","","false"
"X6 abbreviated alt (ends ׳)","P00101","alt","עֵגְ׳","עגלתא-3","","false"
"X6 abbreviated alt (ends ׳)","P00101","alt","עִיגְ׳","עגלתא-3","","false"
"X6 abbreviated alt (ends ׳)","P00121","alt","עִ׳","עדבא","","false"
"X6 abbreviated alt (ends ׳)","P00121","alt","עִי׳","עדבא","","false"
"X6 abbreviated alt (ends ׳)","P00125","alt","עִדְ׳","עדוא","","false"
"X6 abbreviated alt (ends ׳)","P00167","alt","עֶ׳","עדרא","","false"
"X6 abbreviated alt (ends ׳)","P00179","alt","עוּבְיָי׳","עוביא","","false"
"X6 abbreviated alt (ends ׳)","P00219","alt","עֻזָּ׳","עוזא-2","","false"
"X6 abbreviated alt (ends ׳)","P00221","alt","עֻזִּ׳","עוזיאל","","false"
"X6 abbreviated alt (ends ׳)","P00222","alt","עֻזִּ׳","עוזיה","","false"
"X6 abbreviated alt (ends ׳)","P00228","alt","עֲוָו׳","עויא-1","","false"
"X6 abbreviated alt (ends ׳)","P00229","alt","עִוְו׳","עויא-2","","false"
"X6 abbreviated alt (ends ׳)","P00233","alt","עֲוִו׳","עויר","","false"
"X6 abbreviated alt (ends ׳)","P00233","alt","עַוִּ׳","עויר","","false"
"X6 abbreviated alt (ends ׳)","P00245","alt","עַוְו׳","עולא-1","","false"
"X6 abbreviated alt (ends ׳)","P00246","alt","עַוָּו׳","עולא-2","","false"
"X6 abbreviated alt (ends ׳)","P00257","alt","עוּלֵמ׳","עולימו","","false"
"X6 abbreviated alt (ends ׳)","P00259","alt","עוּלֵמ׳","עולימית","","false"
"X6 abbreviated alt (ends ׳)","P00273","alt","עַוְו׳","עולתא","","false"
"X6 abbreviated alt (ends ׳)","P00285","alt","עוֹ׳","עומקא-2","","false"
"X6 abbreviated alt (ends ׳)","P00308","alt","עוֹ׳","עונתא-1","","false"
"X6 abbreviated alt (ends ׳)","P00335","alt","עַקְ׳","עוקמן","","false"
"X6 abbreviated alt (ends ׳)","P00337","alt","עַקְ׳","עוקמנותא","","false"
"X6 abbreviated alt (ends ׳)","P00357","alt","עָרְ׳","עורלא","","false"
"X6 abbreviated alt (ends ׳)","P00367","alt","עוֹ׳","עושנא","","false"
"X6 abbreviated alt (ends ׳)","P00371","alt","עוֹ׳","עושקא","","false"
"X6 abbreviated alt (ends ׳)","P00378","alt","עַוְו׳","עותא-1","","false"
"X6 abbreviated alt (ends ׳)","P00379","alt","עַוְו׳","עותא-2","","false"
"X6 abbreviated alt (ends ׳)","P00381","alt","עַוְו׳","עותנאי","","false"
"X6 abbreviated alt (ends ׳)","P00384","alt","עָתְ׳","עותר","","false"
"X6 abbreviated alt (ends ׳)","P00395","alt","עַ׳","עזגד","","false"
"X6 abbreviated alt (ends ׳)","P00406","alt","עַזְ׳","עזיא","","false"
"X6 abbreviated alt (ends ׳)","P00416","alt","עִי׳","עזלא","","false"
"X6 abbreviated alt (ends ׳)","P00420","alt","עִי׳","עזקא-1","","false"
"X6 abbreviated alt (ends ׳)","P00421","alt","עִי׳","עזקא-2","","false"
"X6 abbreviated alt (ends ׳)","P00421","alt","עִיזְ׳","עזקא-2","","false"
"X6 abbreviated alt (ends ׳)","P00464","alt","עֲטַלֵּי׳","עטלפא","","false"
"X6 abbreviated alt (ends ׳)","P00465","alt","עִיטְ׳","עטם","","false"
"X6 abbreviated alt (ends ׳)","P00482","alt","עִי׳","עטרן","","false"
"X6 abbreviated alt (ends ׳)","P00483","alt","עִי׳","עטרנא","","false"
"X6 abbreviated alt (ends ׳)","P00491","alt","עִבּ׳","עיבור-1","","false"
"X6 abbreviated alt (ends ׳)","P00492","alt","עִבּ׳","עיבור-2","","false"
"X6 abbreviated alt (ends ׳)","P00493","alt","עֲבִי׳","עיבידא","","false"
"X6 abbreviated alt (ends ׳)","P00496","alt","עֶבְ׳","עיבר-2","","false"
"X6 abbreviated alt (ends ׳)","P00497","alt","עִגּ׳","עיגול-1","","false"
"X6 abbreviated alt (ends ׳)","P00498","alt","עִגּ׳","עיגול-2","","false"
"X6 abbreviated alt (ends ׳)","P00499","alt","עִגּ׳","עיגון","","false"
"X6 abbreviated alt (ends ׳)","P00501","alt","עִג׳","עיגל","","false"
"X6 abbreviated alt (ends ׳)","P00501","alt","עֶגְ׳","עיגל","","false"
"X6 abbreviated alt (ends ׳)","P00506","alt","עִדּ׳","עידוי-1","","false"
"X6 abbreviated alt (ends ׳)","P00507","alt","עִדּ׳","עידוי-2","","false"
"X6 abbreviated alt (ends ׳)","P00509","alt","עִדּ׳","עידון-2","","false"
"X6 abbreviated alt (ends ׳)","P00515","alt","עִדָּ׳","עידן-2","","false"
"X6 abbreviated alt (ends ׳)","P00529","alt","עֵטְ׳","עיטא","","false"
"X6 abbreviated alt (ends ׳)","P00533","alt","עִפּ׳","עיטור","","false"
"X6 abbreviated alt (ends ׳)","P00538","alt","עִטְ׳","עיטפא","","false"
"X6 abbreviated alt (ends ׳)","P00560","alt","עִכּ׳","עיכוב","","false"
"X6 abbreviated alt (ends ׳)","P00561","alt","עִכּ׳","עיכובא","","false"
"X6 abbreviated alt (ends ׳)","P00562","alt","עִכּ׳","עיכול","","false"
"X6 abbreviated alt (ends ׳)","P00565","alt","עִי׳","עיל-1","","false"
"X6 abbreviated alt (ends ׳)","P00569","alt","עִל׳","עילאה","","false"
"X6 abbreviated alt (ends ׳)","P00572","alt","עֲלַ׳","עילוי-1","","false"
"X6 abbreviated alt (ends ׳)","P00573","alt","עִלּ׳","עילוי-2","","false"
"X6 abbreviated alt (ends ׳)","P00574","alt","עִלּ׳","עילויא","","false"
"X6 abbreviated alt (ends ׳)","P00582","alt","עֲלִי׳","עיליתא-2","","false"
"X6 abbreviated alt (ends ׳)","P00592","alt","עִמּ׳","עימור-1","","false"
"X6 abbreviated alt (ends ׳)","P00593","alt","עִמּ׳","עימור-2","","false"
"X6 abbreviated alt (ends ׳)","P00596","alt","עִמְ׳","עימעום-2","","false"
"X6 abbreviated alt (ends ׳)","P00604","alt","עֵנְ׳","עינבול-1","","false"
"X6 abbreviated alt (ends ׳)","P00605","alt","עִנְ׳","עינבול-2","","false"
"X6 abbreviated alt (ends ׳)","P00608","alt","עִנּ׳","עינוג","","false"
"X6 abbreviated alt (ends ׳)","P00611","alt","עִנּ׳","עינוי-1","","false"
"X6 abbreviated alt (ends ׳)","P00612","alt","עִנּ׳","עינוי-2","","false"
"X6 abbreviated alt (ends ׳)","P00613","alt","עִנּ׳","עינויא-1","","false"
"X6 abbreviated alt (ends ׳)","P00614","alt","עִנּ׳","עינויא-2","","false"
"X6 abbreviated alt (ends ׳)","P00618","alt","עַיְי׳","עינותא-1","","false"
"X6 abbreviated alt (ends ׳)","P00623","alt","עִינְיָ׳","עיניין","","false"
"X6 abbreviated alt (ends ׳)","P00630","alt","עִסּ׳","עיסוק","","false"
"X6 abbreviated alt (ends ׳)","P00631","alt","עִיסֻּרְ׳","עיסוריתא","","false"
"X6 abbreviated alt (ends ׳)","P00631","alt","עִישּׂוֹרְ׳","עיסוריתא","","false"
"X6 abbreviated alt (ends ׳)","P00640","alt","עִפּ׳","עיפוי","","false"
"X6 abbreviated alt (ends ׳)","P00645","alt","עִצּ׳","עיצום","","false"
"X6 abbreviated alt (ends ׳)","P00647","alt","עִצּ׳","עיצור-2","","false"
"X6 abbreviated alt (ends ׳)","P00652","alt","עָיְי׳","עיקא-1","","false"
"X6 abbreviated alt (ends ׳)","P00653","alt","עָיְי׳","עיקא-2","","false"
"X6 abbreviated alt (ends ׳)","P00657","alt","עִקּ׳","עיקולא","","false"
"X6 abbreviated alt (ends ׳)","P00658","alt","עִקּ׳","עיקום","","false"
"X6 abbreviated alt (ends ׳)","P00659","alt","עִקּ׳","עיקומא","","false"
"X6 abbreviated alt (ends ׳)","P00660","alt","עִקּ׳","עיקור","","false"
"X6 abbreviated alt (ends ׳)","P00667","alt","עִקָּ׳","עיקר-2","","false"
"X6 abbreviated alt (ends ׳)","P00680","alt","עֵר׳","עירוב","","false"
"X6 abbreviated alt (ends ׳)","P00681","alt","עֵר׳","עירובא-1","","false"
"X6 abbreviated alt (ends ׳)","P00682","alt","עֵר׳","עירובא-2","","false"
"X6 abbreviated alt (ends ׳)","P00692","alt","עִירְיְי׳","עיריתא","","false"
"X6 abbreviated alt (ends ׳)","P00692","alt","עֶרְ׳","עיריתא","","false"
"X6 abbreviated alt (ends ׳)","P00698","alt","עוּ׳","עיררה","","false"
"X6 abbreviated alt (ends ׳)","P00701","alt","עִשּׁ׳","עישונא","","false"
"X6 abbreviated alt (ends ׳)","P00778","alt","עֲלָ׳","עלוון","","false"
"X6 abbreviated alt (ends ׳)","P00784","alt","עֲלָ׳","עלון","","false"
"X6 abbreviated alt (ends ׳)","P00793","alt","עֲלוּ׳","עליבא","","false"
"X6 abbreviated alt (ends ׳)","P00814","alt","עֲלִי׳","עליתא-3","","false"
"X6 abbreviated alt (ends ׳)","P00817","alt","עָ׳","עלל-3","","false"
"X6 abbreviated alt (ends ׳)","P00823","alt","עַלְ׳","עלם-6","","false"
"X6 abbreviated alt (ends ׳)","P00830","alt","עִי׳","עלע-2","","false"
"X6 abbreviated alt (ends ׳)","P00831","alt","עִי׳","עלעול-1","","false"
"X6 abbreviated alt (ends ׳)","P00835","alt","עִילְ׳","עלעל-1","","false"
"X6 abbreviated alt (ends ׳)","P00837","alt","עֵו׳","עלעל-3","","false"
"X6 abbreviated alt (ends ׳)","P00846","alt","עְ׳","עלתא","","false"
"X6 abbreviated alt (ends ׳)","P00858","alt","עוֹ׳","עמד-2","","false"
"X6 abbreviated alt (ends ׳)","P00893","alt","עֲ׳","עמירא","","false"
"X6 abbreviated alt (ends ׳)","P00911","alt","עִי׳","עמסוני","","false"
"X6 abbreviated alt (ends ׳)","P00922","alt","עַמְ׳","עמקא-2","","false"
"X6 abbreviated alt (ends ׳)","P00924","alt","עִימְ׳","עמקותא","","false"
"X6 abbreviated alt (ends ׳)","P00943","alt","עִי׳","ענבא","","false"
"X6 abbreviated alt (ends ׳)","P00947","alt","עִי׳","ענבתא","","false"
"X6 abbreviated alt (ends ׳)","P00962","alt","עִינְוָ׳","ענון","","false"
"X6 abbreviated alt (ends ׳)","P00965","alt","עִנְוְו׳","ענותן-1","","false"
"X6 abbreviated alt (ends ׳)","P00965","alt","עִינְ׳","ענותן-1","","false"
"X6 abbreviated alt (ends ׳)","P00966","alt","עִנְיְו׳","ענותן-2","","false"
"X6 abbreviated alt (ends ׳)","P00966","alt","עִינְ׳","ענותן-2","","false"
"X6 abbreviated alt (ends ׳)","P00967","alt","עִנְוְו׳","ענותנות","","false"
"X6 abbreviated alt (ends ׳)","P00967","alt","עִינְ׳","ענותנות","","false"
"X6 abbreviated alt (ends ׳)","P00968","alt","עִנְוְו׳","ענותנותא","","false"
"X6 abbreviated alt (ends ׳)","P00968","alt","עִינְ׳","ענותנותא","","false"
"X6 abbreviated alt (ends ׳)","P00992","alt","עִי׳","ענין","","false"
"X6 abbreviated alt (ends ׳)","P00993","alt","עִנְיָי׳","ענינא","","false"
"X6 abbreviated alt (ends ׳)","P00993","alt","עִי׳","ענינא","","false"
"X6 abbreviated alt (ends ׳)","P00996","alt","עַנִי׳","עניתא","","false"
"X6 abbreviated alt (ends ׳)","P01011","alt","עִי׳","ענקא","","false"
"X6 abbreviated alt (ends ׳)","P01011","alt","עוּ׳","ענקא","","false"
"X6 abbreviated alt (ends ׳)","P01021","alt","עוּ׳","ענתא-1","","false"
"X6 abbreviated alt (ends ׳)","P01021","alt","עִי׳","ענתא-1","","false"
"X6 abbreviated alt (ends ׳)","P01026","alt","עֵנְתּוֹנְדְּ׳","ענתודריא","","false"
"X6 abbreviated alt (ends ׳)","P01034","alt","עִי׳","עסבא","","false"
"X6 abbreviated alt (ends ׳)","P01056","alt","עִי׳","עסקא","","false"
"X6 abbreviated alt (ends ׳)","P01083","alt","חֲ׳","עפריים","","false"
"X6 abbreviated alt (ends ׳)","P01089","alt","עֵי׳","עצא-1","","false"
"X6 abbreviated alt (ends ׳)","P01148","alt","עִי׳","עקבא-1","","false"
"X6 abbreviated alt (ends ׳)","P01150","alt","עֲקֵי׳","עקבא-3","","false"
"X6 abbreviated alt (ends ׳)","P01175","alt","עֲקֵדְ׳","עקידתא","","false"
"X6 abbreviated alt (ends ׳)","P01193","alt","עִי׳","עקלא","","false"
"X6 abbreviated alt (ends ׳)","P01255","alt","עָרְ׳","ערבא-1","","false"
"X6 abbreviated alt (ends ׳)","P01255","alt","עֶרְ׳","ערבא-1","","false"
"X6 abbreviated alt (ends ׳)","P01255","alt","עִרְ׳","ערבא-1","","false"
"X6 abbreviated alt (ends ׳)","P01255","alt","עִי׳","ערבא-1","","false"
"X6 abbreviated alt (ends ׳)","P01260","alt","עִי׳","ערבב-1","","false"
"X6 abbreviated alt (ends ׳)","P01267","alt","עִי׳","ערבוב-1","","false"
"X6 abbreviated alt (ends ׳)","P01268","alt","עִי׳","ערבוב-2","","false"
"X6 abbreviated alt (ends ׳)","P01269","alt","עִרְ׳","ערבוביא","","false"
"X6 abbreviated alt (ends ׳)","P01269","alt","עִירְ׳","ערבוביא","","false"
"X6 abbreviated alt (ends ׳)","P01270","alt","עִי׳","ערבוביתא","","false"
"X6 abbreviated alt (ends ׳)","P01272","alt","עֵי׳","ערבון-1","","false"
"X6 abbreviated alt (ends ׳)","P01273","alt","עֵי׳","ערבון-2","","false"
"X6 abbreviated alt (ends ׳)","P01336","alt","עַרְטִלּ׳","ערטיל","","false"
"X6 abbreviated alt (ends ׳)","P01336","alt","עַרְטוּ׳","ערטיל","","false"
"X6 abbreviated alt (ends ׳)","P01337","alt","עַרְטַלְיוּ׳","ערטיליותא","","false"
"X6 abbreviated alt (ends ׳)","P01355","alt","עֵי׳","עריין","","false"
"X6 abbreviated alt (ends ׳)","P01356","alt","עָ׳","עריך","","false"
"X6 abbreviated alt (ends ׳)","P01417","alt","עִירְ׳","ערער-1","","false"
"X6 abbreviated alt (ends ׳)","P01465","alt","עִי׳","עשב-2","","false"
"X6 abbreviated alt (ends ׳)","P01478","alt","עֲשִׁי׳","עשין-2","","false"
"X6 abbreviated alt (ends ׳)","P01480","alt","עֲ׳","עשיק-1","","false"
"X6 abbreviated alt (ends ׳)","P01481","alt","עֲ׳","עשיק-2","","false"
"X6 abbreviated alt (ends ׳)","P01484","alt","עֲסִ׳","עשיראה","","false"
"X6 abbreviated alt (ends ׳)","P01492","alt","עוֹשְׁ׳","עשנא","","false"
"X6 abbreviated alt (ends ׳)","P01492","alt","עוּשְׁ׳","עשנא","","false"
"X6 abbreviated alt (ends ׳)","P01508","alt","עִסְ׳","עשרונא","","false"
"X6 abbreviated alt (ends ׳)","P01508","alt","עֶ׳","עשרונא","","false"
"X6 abbreviated alt (ends ׳)","P01519","alt","עִישְׁ׳","עשתונא","","false"
"X6 abbreviated alt (ends ׳)","P01549","alt","עָ׳","עתרא-2","","false"
"X6 abbreviated alt (ends ׳)","Q00006","alt","פֵּי׳","פאה","","false"
"X6 abbreviated alt (ends ׳)","Q00044","alt","פָּנ׳","פגוטיה","","false"
"X6 abbreviated alt (ends ׳)","Q00055","alt","פִּיגְ׳","פגיון","","false"
"X6 abbreviated alt (ends ׳)","Q00061","alt","פִּי׳","פגימין","","false"
"X6 abbreviated alt (ends ׳)","Q00095","alt","פַּ׳","פגר-6","","false"
"X6 abbreviated alt (ends ׳)","Q00107","alt","פִּידָ׳","פדגוג","","false"
"X6 abbreviated alt (ends ׳)","Q00108","alt","פַּדְגּוּ׳","פדגוגא","","false"
"X6 abbreviated alt (ends ׳)","Q00132","alt","פִּי׳","פדע-3","","false"
"X6 abbreviated alt (ends ׳)","Q00135","alt","פִּי׳","פדרא","","false"
"X6 abbreviated alt (ends ׳)","Q00172","alt","פַּזְ׳","פוזמקי","","false"
"X6 abbreviated alt (ends ׳)","Q00231","alt","פּוֹלְמַ׳","פולימרכוס","","false"
"X6 abbreviated alt (ends ׳)","Q00303","alt","פֹּעֲ׳","פועל-3","","false"
"X6 abbreviated alt (ends ׳)","Q00347","alt","פִּרְ׳","פוריומא","","false"
"X6 abbreviated alt (ends ׳)","Q00380","alt","פּוּרְפִּי׳","פורפורא","","false"
"X6 abbreviated alt (ends ׳)","Q00381","alt","פורפי׳","פורפורון","","false"
"X6 abbreviated alt (ends ׳)","Q00382","alt","פּוּרְפִּי׳","פורפוריא","","false"
"X6 abbreviated alt (ends ׳)","Q00383","alt","פּוּרְפִּי׳","פורפוריון","","false"
"X6 abbreviated alt (ends ׳)","Q00391","alt","פֻּרְ׳","פורקן","","false"
"X6 abbreviated alt (ends ׳)","Q00431","alt","פִּיזְ׳","פזמא","","false"
"X6 abbreviated alt (ends ׳)","Q00433","alt","פיז׳","פזמריקון","","false"
"X6 abbreviated alt (ends ׳)","Q00437","alt","פִּי׳","פזרא","","false"
"X6 abbreviated alt (ends ׳)","Q00441","alt","פּוּ׳","פחא-1","","false"
"X6 abbreviated alt (ends ׳)","Q00450","alt","פַּחֲדִ׳","פחדין","","false"
"X6 abbreviated alt (ends ׳)","Q00451","alt","פֶּי׳","פחה-1","","false"
"X6 abbreviated alt (ends ׳)","Q00529","alt","פַּטִּ׳","פטיש-2","","false"
"X6 abbreviated alt (ends ׳)","Q00532","alt","פְּטִילְ׳","פטליא","","false"
"X6 abbreviated alt (ends ׳)","Q00541","alt","פִּיטְ׳","פטפוט","","false"
"X6 abbreviated alt (ends ׳)","Q00542","alt","פִּיטְ׳","פטפט-1","","false"
"X6 abbreviated alt (ends ׳)","Q00578","alt","פִּגּ׳","פיגול-2","","false"
"X6 abbreviated alt (ends ׳)","Q00580","alt","פִּגּ׳","פיגור","","false"
"X6 abbreviated alt (ends ׳)","Q00599","alt","פַּיּיוֹ׳","פיוטות","","false"
"X6 abbreviated alt (ends ׳)","Q00603","alt","פִּיּיוּ׳","פיוסא","","false"
"X6 abbreviated alt (ends ׳)","Q00616","alt","פִּטּ׳","פיטום","","false"
"X6 abbreviated alt (ends ׳)","Q00617","alt","פִּטּ׳","פיטומא-1","","false"
"X6 abbreviated alt (ends ׳)","Q00618","alt","פִּטּ׳","פיטומא-2","","false"
"X6 abbreviated alt (ends ׳)","Q00621","alt","פִּטּ׳","פיטורה","","false"
"X6 abbreviated alt (ends ׳)","Q00622","alt","פִּטּ׳","פיטורי","","false"
"X6 abbreviated alt (ends ׳)","Q00623","alt","פִּטּ׳","פיטורין","","false"
"X6 abbreviated alt (ends ׳)","Q00624","alt","פִּטְ׳","פיטטא","","false"
"X6 abbreviated alt (ends ׳)","Q00628","alt","פִּטְ׳","פיטמא-1","","false"
"X6 abbreviated alt (ends ׳)","Q00629","alt","פִּטְ׳","פיטמא-2","","false"
"X6 abbreviated alt (ends ׳)","Q00633","alt","פִּטְ׳","פיטקא","","false"
"X6 abbreviated alt (ends ׳)","Q00636","alt","פִּטְ׳","פיטרא-3","","false"
"X6 abbreviated alt (ends ׳)","Q00638","alt","פִּטְ׳","פיטרוס","","false"
"X6 abbreviated alt (ends ׳)","Q00674","alt","פִּלּ׳","פילוג-2","","false"
"X6 abbreviated alt (ends ׳)","Q00675","alt","פִּילָ׳","פילוון","","false"
"X6 abbreviated alt (ends ׳)","Q00677","alt","פּלּ׳","פילול","","false"
"X6 abbreviated alt (ends ׳)","Q00696","alt","פִּלְ׳","פיליא-1","","false"
"X6 abbreviated alt (ends ׳)","Q00712","alt","פִּלָ׳","פילקי","","false"
"X6 abbreviated alt (ends ׳)","Q00721","alt","פִּנּ׳","פינוי","","false"
"X6 abbreviated alt (ends ׳)","Q00722","alt","פִּנּ׳","פינוכא","","false"
"X6 abbreviated alt (ends ׳)","Q00727","alt","פִּנּ׳","פינוקא","","false"
"X6 abbreviated alt (ends ׳)","Q00730","alt","פִּנְ׳","פיניתא","","false"
"X6 abbreviated alt (ends ׳)","Q00735","alt","פִּנְ׳","פינקאי","","false"
"X6 abbreviated alt (ends ׳)","Q00738","alt","פִּנַ׳","פינקס-2","","false"
"X6 abbreviated alt (ends ׳)","Q00748","alt","פִּסּ׳","פיסול","","false"
"X6 abbreviated alt (ends ׳)","Q00751","alt","פִּסּ׳","פיסוק","","false"
"X6 abbreviated alt (ends ׳)","Q00753","alt","פִּסְ׳","פיסטין","","false"
"X6 abbreviated alt (ends ׳)","Q00760","alt","פִּסּ׳","פיסים","","false"
"X6 abbreviated alt (ends ׳)","Q00761","alt","פִּסְ׳","פיסעא","","false"
"X6 abbreviated alt (ends ׳)","Q00772","alt","פִּסְּ׳","פיסתא","","false"
"X6 abbreviated alt (ends ׳)","Q00773","alt","פִסְ׳","פיסתקא","","false"
"X6 abbreviated alt (ends ׳)","Q00787","alt","פִּיפְיָיר׳","פיפייארות","","false"
"X6 abbreviated alt (ends ׳)","Q00792","alt","פִּצּ׳","פיצוליא","","false"
"X6 abbreviated alt (ends ׳)","Q00794","alt","פִּצְ׳","פיצעא","","false"
"X6 abbreviated alt (ends ׳)","Q00801","alt","פִּקּ׳","פיקוד","","false"
"X6 abbreviated alt (ends ׳)","Q00802","alt","פִּקּ׳","פיקודא","","false"
"X6 abbreviated alt (ends ׳)","Q00803","alt","פִּקּ׳","פיקוח","","false"
"X6 abbreviated alt (ends ׳)","Q00816","alt","פִּקְ׳","פיקסינה","","false"
"X6 abbreviated alt (ends ׳)","Q00818","alt","פִּקְ׳","פיקעין","","false"
"X6 abbreviated alt (ends ׳)","Q00837","alt","פֵּר׳","פירוכא-1","","false"
"X6 abbreviated alt (ends ׳)","Q00838","alt","פֵּר׳","פירוכא-2","","false"
"X6 abbreviated alt (ends ׳)","Q00839","alt","פֵּר׳","פירוכייא","","false"
"X6 abbreviated alt (ends ׳)","Q00843","alt","פֵּר׳","פירוק","","false"
"X6 abbreviated alt (ends ׳)","Q00844","alt","פֵּר׳","פירוקא","","false"
"X6 abbreviated alt (ends ׳)","Q00845","alt","פֵּר׳","פירור","","false"
"X6 abbreviated alt (ends ׳)","Q00846","alt","פֵּר׳","פירורא","","false"
"X6 abbreviated alt (ends ׳)","Q00847","alt","פֵּר׳","פירוש-1","","false"
"X6 abbreviated alt (ends ׳)","Q00848","alt","פֵּר׳","פירוש-2","","false"
"X6 abbreviated alt (ends ׳)","Q00852","alt","פִּרְ׳","פירטא-1","","false"
"X6 abbreviated alt (ends ׳)","Q00858","alt","פִּרְ׳","פירכא","","false"
"X6 abbreviated alt (ends ׳)","Q00859","alt","פִּרְ׳","פירכוס-1","","false"
"X6 abbreviated alt (ends ׳)","Q00860","alt","פִּרְ׳","פירכוס-2","","false"
"X6 abbreviated alt (ends ׳)","Q00861","alt","פִּרְ׳","פירכוסא","","false"
"X6 abbreviated alt (ends ׳)","Q00868","alt","פִּרְ׳","פירסומי","","false"
"X6 abbreviated alt (ends ׳)","Q00870","alt","פֵּרָ׳","פירעון","","false"
"X6 abbreviated alt (ends ׳)","Q00872","alt","פִּרְ׳","פירצא","","false"
"X6 abbreviated alt (ends ׳)","Q00876","alt","פּוּרְ׳","פירקתא","","false"
"X6 abbreviated alt (ends ׳)","Q00877","alt","פִּר׳","פירשא","","false"
"X6 abbreviated alt (ends ׳)","Q00878","alt","פִּרְ׳","פירשע","","false"
"X6 abbreviated alt (ends ׳)","Q00879","alt","פִּשּׁ׳","פישוט","","false"
"X6 abbreviated alt (ends ׳)","Q00887","alt","פִּשְׁ׳","פישרא","","false"
"X6 abbreviated alt (ends ׳)","Q00890","alt","פִּתּ׳","פיתוח","","false"
"X6 abbreviated alt (ends ׳)","Q00891","alt","פִּתּ׳","פיתוחא","","false"
"X6 abbreviated alt (ends ׳)","Q00892","alt","פִּתּ׳","פיתוי","","false"
"X6 abbreviated alt (ends ׳)","Q00893","alt","פִּתּ׳","פיתולא","","false"
"X6 abbreviated alt (ends ׳)","Q00899","alt","פִּתֵּ׳","פיתח-1","","false"
"X6 abbreviated alt (ends ׳)","Q00905","alt","פִּתְ׳","פיתק-2","","false"
"X6 abbreviated alt (ends ׳)","Q00908","alt","פִּתְּ׳","פיתתא","","false"
"X6 abbreviated alt (ends ׳)","Q00958","alt","פִּילְדֵּי׳","פלדיסין","","false"
"X6 abbreviated alt (ends ׳)","Q00964","alt","פְּלֻגְ׳","פלוגתא-1","","false"
"X6 abbreviated alt (ends ׳)","Q00993","alt","פִּי׳","פלחא-1","","false"
"X6 abbreviated alt (ends ׳)","Q00994","alt","פַּ׳","פלחא-2","","false"
"X6 abbreviated alt (ends ׳)","Q00995","alt","פַּ׳","פלחא-3","","false"
"X6 abbreviated alt (ends ׳)","Q01005","alt","פַּלְ׳","פלטורא","","false"
"X6 abbreviated alt (ends ׳)","Q01010","alt","פְּלַטְיָי׳","פלטיא-3","","false"
"X6 abbreviated alt (ends ׳)","Q01020","alt","פַּלָּאטִ׳","פלטינוס","","false"
"X6 abbreviated alt (ends ׳)","Q01028","alt","פַּלְטֵי׳","פלטר-3","","false"
"X6 abbreviated alt (ends ׳)","Q01030","alt","פַּלְטֵי׳","פלטרין","","false"
"X6 abbreviated alt (ends ׳)","Q01030","alt","פַּלְטוֹ׳","פלטרין","","false"
"X6 abbreviated alt (ends ׳)","Q01071","alt","פִּי׳","פלך-2","","false"
"X6 abbreviated alt (ends ׳)","Q01111","alt","פִּילְ׳","פלפול","","false"
"X6 abbreviated alt (ends ׳)","Q01112","alt","פִּילְ׳","פלפולא","","false"
"X6 abbreviated alt (ends ׳)","Q01117","alt","פִּילְ׳","פלפל-4","","false"
"X6 abbreviated alt (ends ׳)","Q01118","alt","פִּילְ׳","פלפלא","","false"
"X6 abbreviated alt (ends ׳)","Q01119","alt","פִּילְ׳","פלפלן","","false"
"X6 abbreviated alt (ends ׳)","Q01125","alt","פִּילַ׳","פלקתא","","false"
"X6 abbreviated alt (ends ׳)","Q01140","alt","פְּמַ׳","פמילייא","","false"
"X6 abbreviated alt (ends ׳)","Q01142","alt","פְּמַ׳","פמליא","","false"
"X6 abbreviated alt (ends ׳)","Q01177","alt","פִּינְ׳","פנטיגון","","false"
"X6 abbreviated alt (ends ׳)","Q01177","alt","פּוּנְ׳","פנטיגון","","false"
"X6 abbreviated alt (ends ׳)","Q01182","alt","פַּנְטַסְכְנָ׳","פנטסכינאי","","false"
"X6 abbreviated alt (ends ׳)","Q01204","alt","פְּנִקְ׳","פניקיא","","false"
"X6 abbreviated alt (ends ׳)","Q01223","alt","פִּי׳","פס-4","","false"
"X6 abbreviated alt (ends ׳)","Q01229","alt","פִּסְ׳","פסגא","","false"
"X6 abbreviated alt (ends ׳)","Q01229","alt","פִּיסְ׳","פסגא","","false"
"X6 abbreviated alt (ends ׳)","Q01255","alt","פִּי׳","פסח-3","","false"
"X6 abbreviated alt (ends ׳)","Q01257","alt","פִּי׳","פסחא","","false"
"X6 abbreviated alt (ends ׳)","Q01276","alt","פְּסֵי׳","פסידא","","false"
"X6 abbreviated alt (ends ׳)","Q01278","alt","פִּשָּׂ׳","פסיון-1","","false"
"X6 abbreviated alt (ends ׳)","Q01278","alt","פִּי׳","פסיון-1","","false"
"X6 abbreviated alt (ends ׳)","Q01280","alt","פִּיסְ׳","פסיונא","","false"
"X6 abbreviated alt (ends ׳)","Q01281","alt","פִּיסְ׳","פסיוני-1","","false"
"X6 abbreviated alt (ends ׳)","Q01282","alt","פִּי׳","פסיוני-2","","false"
"X6 abbreviated alt (ends ׳)","Q01309","alt","פִּיסְ׳","פסיפס-1","","false"
"X6 abbreviated alt (ends ׳)","Q01318","alt","פִּסְקְ׳","פסיקיא","","false"
"X6 abbreviated alt (ends ׳)","Q01319","alt","פְּסִקְ׳","פסיקתא-1","","false"
"X6 abbreviated alt (ends ׳)","Q01329","alt","פִּי׳","פסלא","","false"
"X6 abbreviated alt (ends ׳)","Q01353","alt","פִּי׳","פסקא","","false"
"X6 abbreviated alt (ends ׳)","Q01427","alt","פְּ׳","פציד","","false"
"X6 abbreviated alt (ends ׳)","Q01451","alt","פִּיקָּ׳","פקדון","","false"
"X6 abbreviated alt (ends ׳)","Q01452","alt","פִּיקְ׳","פקדונא","","false"
"X6 abbreviated alt (ends ׳)","Q01459","alt","הַפְּ׳","פקולי","","false"
"X6 abbreviated alt (ends ׳)","Q01477","alt","פִּיקֵּ׳","פקח-4","","false"
"X6 abbreviated alt (ends ׳)","Q01481","alt","פִּי׳","פקטים","","false"
"X6 abbreviated alt (ends ׳)","Q01509","alt","פִּיקְ׳","פקפוק","","false"
"X6 abbreviated alt (ends ׳)","Q01525","alt","פִּי׳","פקתא-2","","false"
"X6 abbreviated alt (ends ׳)","Q01568","alt","פְּרַקְמַ׳","פרגמטוטיס","","false"
"X6 abbreviated alt (ends ׳)","Q01569","alt","פְּרַקְ׳","פרגמטיא","","false"
"X6 abbreviated alt (ends ׳)","Q01570","alt","פרגמיט׳","פרגמטיוטא","","false"
"X6 abbreviated alt (ends ׳)","Q01593","alt","פרסתק׳","פרדסקין","","false"
"X6 abbreviated alt (ends ׳)","Q01595","alt","פַּרְדִּישְׁ׳","פרדשנא","","false"
"X6 abbreviated alt (ends ׳)","Q01602","alt","פרח׳","פרהדיא","","false"
"X6 abbreviated alt (ends ׳)","Q01607","alt","פָּרָהפִרְ׳","פרהפורנון","","false"
"X6 abbreviated alt (ends ׳)","Q01609","alt","פרואמי׳","פרואמה","","false"
"X6 abbreviated alt (ends ׳)","Q01639","alt","פַּרְוָר׳","פרוורא","","false"
"X6 abbreviated alt (ends ׳)","Q01668","alt","פְּרוֹטֹגַ׳","פרוטוגמיא","","false"
"X6 abbreviated alt (ends ׳)","Q01680","alt","פַּרְוִוי׳","פרוילא","","false"
"X6 abbreviated alt (ends ׳)","Q01689","alt","פָּרֻכְ׳","פרוכתא","","false"
"X6 abbreviated alt (ends ׳)","Q01722","alt","פֵּיר׳","פרוע-2","","false"
"X6 abbreviated alt (ends ׳)","Q01723","alt","פְּרוֹפְסִ׳","פרופוסיטוס","","false"
"X6 abbreviated alt (ends ׳)","Q01746","alt","פִּירְ׳","פרזומא-1","","false"
"X6 abbreviated alt (ends ׳)","Q01747","alt","פִּירְ׳","פרזומא-2","","false"
"X6 abbreviated alt (ends ׳)","Q01750","alt","פּוּרְ׳","פרזל-2","","false"
"X6 abbreviated alt (ends ׳)","Q01757","alt","פִּירְ׳","פרח-4","","false"
"X6 abbreviated alt (ends ׳)","Q01759","alt","פרחביל׳","פרחבלין","","false"
"X6 abbreviated alt (ends ׳)","Q01759","alt","פרחבינ׳","פרחבלין","","false"
"X6 abbreviated alt (ends ׳)","Q01782","alt","פִּירְ׳","פרטתא-2","","false"
"X6 abbreviated alt (ends ׳)","Q01792","alt","פָּרִדְ׳","פרידתא","","false"
"X6 abbreviated alt (ends ׳)","Q01822","alt","פריפיס׳","פריפוסיטין","","false"
"X6 abbreviated alt (ends ׳)","Q01836","alt","פְּ׳","פרישא","","false"
"X6 abbreviated alt (ends ׳)","Q01886","alt","פִּירְ׳","פרנוס-2","","false"
"X6 abbreviated alt (ends ׳)","Q01887","alt","פִּירְ׳","פרנוק","","false"
"X6 abbreviated alt (ends ׳)","Q01934","alt","פִּירְ׳","פרסם-1","","false"
"X6 abbreviated alt (ends ׳)","Q01938","alt","פִּירְ׳","פרסקא","","false"
"X6 abbreviated alt (ends ׳)","Q01961","alt","פִּירְ׳","פרפר-1","","false"
"X6 abbreviated alt (ends ׳)","Q01963","alt","פִּירְ׳","פרפר-3","","false"
"X6 abbreviated alt (ends ׳)","Q01974","alt","פִּירְ׳","פרצה","","false"
"X6 abbreviated alt (ends ׳)","Q01983","alt","פִּי׳","פרקא","","false"
"X6 abbreviated alt (ends ׳)","Q01993","alt","פֵּי׳","פרקון","","false"
"X6 abbreviated alt (ends ׳)","Q01994","alt","פִּי׳","פרקונא","","false"
"X6 abbreviated alt (ends ׳)","Q02011","alt","פָּרְ׳","פרקן","","false"
"X6 abbreviated alt (ends ׳)","Q02088","alt","פִּי׳","פשפוש","","false"
"X6 abbreviated alt (ends ׳)","Q02090","alt","פִּי׳","פשפש-1","","false"
"X6 abbreviated alt (ends ׳)","Q02094","alt","פִּי׳","פשפש-5","","false"
"X6 abbreviated alt (ends ׳)","Q02148","alt","פִּי׳","פתחא","","false"
"X6 abbreviated alt (ends ׳)","Q02149","alt","פִּי׳","פתחון","","false"
"X6 abbreviated alt (ends ׳)","Q02191","alt","פִּו׳","פתן-3","","false"
"X6 abbreviated alt (ends ׳)","Q02193","alt","פִּי׳","פתפות","","false"
"X6 abbreviated alt (ends ׳)","Q02202","alt","פִּי׳","פתר-3","","false"
"X6 abbreviated alt (ends ׳)","Q02203","alt","פִּי׳","פתרא","","false"
"X6 abbreviated alt (ends ׳)","R00030","alt","צִי׳","צבחד","","false"
"X6 abbreviated alt (ends ׳)","R00040","alt","צִי׳","צביונא","","false"
"X6 abbreviated alt (ends ׳)","R00058","alt","צִי׳","צבע-6","","false"
"X6 abbreviated alt (ends ׳)","R00061","alt","צִי׳","צבעא-2","","false"
"X6 abbreviated alt (ends ׳)","R00062","alt","צִי׳","צבעא-3","","false"
"X6 abbreviated alt (ends ׳)","R00064","alt","צִי׳","צבעון-2","","false"
"X6 abbreviated alt (ends ׳)","R00065","alt","צִי׳","צבעונא","","false"
"X6 abbreviated alt (ends ׳)","R00075","alt","צִבְ׳","צבתא-1","","false"
"X6 abbreviated alt (ends ׳)","R00076","alt","צִי׳","צבתא-2","","false"
"X6 abbreviated alt (ends ׳)","R00116","alt","צִי׳","צדעא","","false"
"X6 abbreviated alt (ends ׳)","R00152","alt","צַוּו׳","ציאר","","false"
"X6 abbreviated alt (ends ׳)","R00174","alt","צְוַחְ׳","צווחתא","","false"
"X6 abbreviated alt (ends ׳)","R00174","alt","צִיוְ׳","צווחתא","","false"
"X6 abbreviated alt (ends ׳)","R00220","alt","הַצּ׳","צופים","","false"
"X6 abbreviated alt (ends ׳)","R00231","alt","צוֹצַלְ׳","צוצלא","","false"
"X6 abbreviated alt (ends ׳)","R00259","alt","צִרְעֲ׳","צורעא","","false"
"X6 abbreviated alt (ends ׳)","R00259","alt","צִירְ׳","צורעא","","false"
"X6 abbreviated alt (ends ׳)","R00271","alt","צָה׳","צחותא","","false"
"X6 abbreviated alt (ends ׳)","R00273","alt","צה׳","צחי","","false"
"X6 abbreviated alt (ends ׳)","R00280","alt","צִי׳","צחצוח","","false"
"X6 abbreviated alt (ends ׳)","R00281","alt","צִי׳","צחצוחא","","false"
"X6 abbreviated alt (ends ׳)","R00295","alt","צִבּ׳","ציבור-1","","false"
"X6 abbreviated alt (ends ׳)","R00296","alt","צִבּ׳","ציבור-2","","false"
"X6 abbreviated alt (ends ׳)","R00311","alt","צַיְי׳","צידון","","false"
"X6 abbreviated alt (ends ׳)","R00312","alt","צִדּ׳","צידוק","","false"
"X6 abbreviated alt (ends ׳)","R00317","alt","צִה׳","ציהוב","","false"
"X6 abbreviated alt (ends ׳)","R00335","alt","צַיָּד׳","צייד-2","","false"
"X6 abbreviated alt (ends ׳)","R00373","alt","צִמּ׳","צימוח-2","","false"
"X6 abbreviated alt (ends ׳)","R00375","alt","צִמּ׳","צימוק","","false"
"X6 abbreviated alt (ends ׳)","R00377","alt","צִמֵּ׳","צימח","","false"
"X6 abbreviated alt (ends ׳)","R00382","alt","צוּמְצְ׳","צימצמאי","","false"
"X6 abbreviated alt (ends ׳)","R00383","alt","צִמְ׳","צימרא","","false"
"X6 abbreviated alt (ends ׳)","R00388","alt","צִנַּ׳","צינבראה","","false"
"X6 abbreviated alt (ends ׳)","R00399","alt","צִנְּ׳","צינתא-1","","false"
"X6 abbreviated alt (ends ׳)","R00400","alt","צִנְּ׳","צינתא-2","","false"
"X6 abbreviated alt (ends ׳)","R00409","alt","צִיפ׳","ציפונא","","false"
"X6 abbreviated alt (ends ׳)","R00409","alt","צִפּ׳","ציפונא","","false"
"X6 abbreviated alt (ends ׳)","R00413","alt","צִפּ׳","ציפורי-1","","false"
"X6 abbreviated alt (ends ׳)","R00414","alt","צִפּ׳","ציפורי-2","","false"
"X6 abbreviated alt (ends ׳)","R00415","alt","צִיפֹּרָ׳","ציפוריא","","false"
"X6 abbreviated alt (ends ׳)","R00415","alt","צִפּ׳","ציפוריא","","false"
"X6 abbreviated alt (ends ׳)","R00423","alt","צִיפְּ׳","ציפר","","false"
"X6 abbreviated alt (ends ׳)","R00429","alt","צִפְ׳","ציפתא","","false"
"X6 abbreviated alt (ends ׳)","R00446","alt","צוֹיְ׳","ציקן","","false"
"X6 abbreviated alt (ends ׳)","R00446","alt","צוֹיְי׳","ציקן","","false"
"X6 abbreviated alt (ends ׳)","R00453","alt","צְיָי׳","ציר-7","","false"
"X6 abbreviated alt (ends ׳)","R00459","alt","צִרְ׳","ציריא","","false"
"X6 abbreviated alt (ends ׳)","R00487","alt","צִלְהוּ׳","צלהובא","","false"
"X6 abbreviated alt (ends ׳)","R00488","alt","צְלוּ׳","צלו","","false"
"X6 abbreviated alt (ends ׳)","R00499","alt","צְלוּ׳","צלותא","","false"
"X6 abbreviated alt (ends ׳)","R00504","alt","צִילְ׳","צלחתא","","false"
"X6 abbreviated alt (ends ׳)","R00527","alt","צִלְ׳","צלם-3","","false"
"X6 abbreviated alt (ends ׳)","R00527","alt","צִילְ׳","צלם-3","","false"
"X6 abbreviated alt (ends ׳)","R00532","alt","צִילְמָ׳","צלמנא","","false"
"X6 abbreviated alt (ends ׳)","R00541","alt","צִילְ׳","צלצול","","false"
"X6 abbreviated alt (ends ׳)","R00542","alt","צִילְ׳","צלצולין","","false"
"X6 abbreviated alt (ends ׳)","R00545","alt","צִילְ׳","צלצל-3","","false"
"X6 abbreviated alt (ends ׳)","R00547","alt","צִילְ׳","צלצלון","","false"
"X6 abbreviated alt (ends ׳)","R00570","alt","צִי׳","צמחא","","false"
"X6 abbreviated alt (ends ׳)","R00614","alt","צִינּ׳","צנורא-1","","false"
"X6 abbreviated alt (ends ׳)","R00615","alt","צִי׳","צנורא-2","","false"
"X6 abbreviated alt (ends ׳)","R00616","alt","צִי׳","צנורא-3","","false"
"X6 abbreviated alt (ends ׳)","R00619","alt","צִי׳","צנוריתא","","false"
"X6 abbreviated alt (ends ׳)","R00640","alt","צִי׳","צנעא","","false"
"X6 abbreviated alt (ends ׳)","R00681","alt","צִיפּ׳","צפור-1","","false"
"X6 abbreviated alt (ends ׳)","R00684","alt","צִיפּ׳","צפורה-1","","false"
"X6 abbreviated alt (ends ׳)","R00687","alt","צִיפּ׳","צפורן","","false"
"X6 abbreviated alt (ends ׳)","R00688","alt","צִיפּ׳","צפורת","","false"
"X6 abbreviated alt (ends ׳)","R00717","alt","צִי׳","צפר-7","","false"
"X6 abbreviated alt (ends ׳)","R00721","alt","צִי׳","צפרתא","","false"
"X6 abbreviated alt (ends ׳)","R00758","alt","צִי׳","צרחא","","false"
"X6 abbreviated alt (ends ׳)","R00794","alt","צִי׳","צרעה","","false"
"X6 abbreviated alt (ends ׳)","R00804","alt","צִירְ׳","צרצור-1","","false"
"X6 abbreviated alt (ends ׳)","R00817","alt","צִי׳","צתרי","","false"
"X6 abbreviated alt (ends ׳)","S00030","alt","קֵי׳","קבה-3","","false"
"X6 abbreviated alt (ends ׳)","S00038","alt","קְפוּ׳","קבוסאי","","false"
"X6 abbreviated alt (ends ׳)","S00064","alt","קִבְ׳","קבל-8","","false"
"X6 abbreviated alt (ends ׳)","S00064","alt","קִיבְ׳","קבל-8","","false"
"X6 abbreviated alt (ends ׳)","S00065","alt","קִי׳","קבלא-1","","false"
"X6 abbreviated alt (ends ׳)","S00066","alt","קִי׳","קבלא-2","","false"
"X6 abbreviated alt (ends ׳)","S00067","alt","קִי׳","קבלא-3","","false"
"X6 abbreviated alt (ends ׳)","S00080","alt","קְבֵילְ׳","קבלתא","","false"
"X6 abbreviated alt (ends ׳)","S00089","alt","קִי׳","קבעא","","false"
"X6 abbreviated alt (ends ׳)","S00098","alt","קֵי׳","קברא","","false"
"X6 abbreviated alt (ends ׳)","S00109","alt","קֵי׳","קבתא-1","","false"
"X6 abbreviated alt (ends ׳)","S00128","alt","קִי׳","קדחא","","false"
"X6 abbreviated alt (ends ׳)","S00166","alt","קוֹדְ׳","קדקדא","","false"
"X6 abbreviated alt (ends ׳)","S00175","alt","קִי׳","קדר-8","","false"
"X6 abbreviated alt (ends ׳)","S00199","alt","קְדָ׳","קדשא","","false"
"X6 abbreviated alt (ends ׳)","S00202","alt","קֵי׳","קהה","","false"
"X6 abbreviated alt (ends ׳)","S00211","alt","קְהִי׳","קהלה","","false"
"X6 abbreviated alt (ends ׳)","S00241","alt","קוּבְ׳","קובתא","","false"
"X6 abbreviated alt (ends ׳)","S00257","alt","קְוָטִ׳","קווטין","","false"
"X6 abbreviated alt (ends ׳)","S00267","alt","קְוַקְ׳","קווקיא","","false"
"X6 abbreviated alt (ends ׳)","S00269","alt","קוורניט׳","קוורנוט׳","","false"
"X6 abbreviated alt (ends ׳)","S00276","alt","קוזמוקלט׳","קוזמוקטור","","false"
"X6 abbreviated alt (ends ׳)","S00325","alt","קָלְ׳","קולבון","","false"
"X6 abbreviated alt (ends ׳)","S00327","alt","קִילְ׳","קולבן-1","","false"
"X6 abbreviated alt (ends ׳)","S00336","alt","קוֹ׳","קוליא-1","","false"
"X6 abbreviated alt (ends ׳)","S00340","alt","קָלְיָי׳","קוליינין","","false"
"X6 abbreviated alt (ends ׳)","S00357","alt","קַלְ׳","קולס-2","","false"
"X6 abbreviated alt (ends ׳)","S00402","alt","קוֹ׳","קומצא-1","","false"
"X6 abbreviated alt (ends ׳)","S00405","alt","קוּמְקְמ׳","קומקום","","false"
"X6 abbreviated alt (ends ׳)","S00433","alt","קונטרונק׳","קונטרונין","","false"
"X6 abbreviated alt (ends ׳)","S00459","alt","קִסְ׳","קוסדור","","false"
"X6 abbreviated alt (ends ׳)","S00470","alt","קוּסְטַאנְטִ׳","קוסטנטינוס","","false"
"X6 abbreviated alt (ends ׳)","S00566","alt","קוֹרֵי׳","קוראה","","false"
"X6 abbreviated alt (ends ׳)","S00596","alt","קוּ׳","קורטור","","false"
"X6 abbreviated alt (ends ׳)","S00597","alt","קִירְ׳","קורטמי","","false"
"X6 abbreviated alt (ends ׳)","S00601","alt","קוֹ׳","קוריא-1","","false"
"X6 abbreviated alt (ends ׳)","S00605","alt","קוֹ׳","קורייא","","false"
"X6 abbreviated alt (ends ׳)","S00639","alt","קַרְ׳","קורקא","","false"
"X6 abbreviated alt (ends ׳)","S00640","alt","קָרְ׳","קורקבן","","false"
"X6 abbreviated alt (ends ׳)","S00691","alt","קָטָדִ׳","קטאדיקי","","false"
"X6 abbreviated alt (ends ׳)","S00710","alt","קַטּ׳","קטול-2","","false"
"X6 abbreviated alt (ends ׳)","S00745","alt","קִטַּ׳","קטייא","","false"
"X6 abbreviated alt (ends ׳)","S00745","alt","קְטַ׳","קטייא","","false"
"X6 abbreviated alt (ends ׳)","S00758","alt","קְטוּסְ׳","קטיספאה","","false"
"X6 abbreviated alt (ends ׳)","S00789","alt","קִי׳","קטם-5","","false"
"X6 abbreviated alt (ends ׳)","S00790","alt","קִי׳","קטמא","","false"
"X6 abbreviated alt (ends ׳)","S00793","alt","קִי׳","קטמנא","","false"
"X6 abbreviated alt (ends ׳)","S00808","alt","קִי׳","קטעא-1","","false"
"X6 abbreviated alt (ends ׳)","S00813","alt","קִי׳","קטף-4","","false"
"X6 abbreviated alt (ends ׳)","S00832","alt","קִי׳","קטרון-1","","false"
"X6 abbreviated alt (ends ׳)","S00833","alt","קִי׳","קטרון-2","","false"
"X6 abbreviated alt (ends ׳)","S00844","alt","קְטוֹ׳","קטרת","","false"
"X6 abbreviated alt (ends ׳)","S00850","alt","קִבּ׳","קיבול","","false"
"X6 abbreviated alt (ends ׳)","S00851","alt","קִבּ׳","קיבולא","","false"
"X6 abbreviated alt (ends ׳)","S00854","alt","קִבּ׳","קיבוץ","","false"
"X6 abbreviated alt (ends ׳)","S00871","alt","קִדּ׳","קידום","","false"
"X6 abbreviated alt (ends ׳)","S00873","alt","קִדּ׳","קידוש","","false"
"X6 abbreviated alt (ends ׳)","S00874","alt","קִדּ׳","קידושא","","false"
"X6 abbreviated alt (ends ׳)","S00882","alt","קִוּוּ׳","קיוויה","","false"
"X6 abbreviated alt (ends ׳)","S00885","alt","קִיּי׳","קיום-2","","false"
"X6 abbreviated alt (ends ׳)","S00890","alt","קַיְי׳","קיטא-1","","false"
"X6 abbreviated alt (ends ׳)","S00895","alt","קִטּ׳","קיטול","","false"
"X6 abbreviated alt (ends ׳)","S00900","alt","קִטּ׳","קיטונתא","","false"
"X6 abbreviated alt (ends ׳)","S00903","alt","קִטּ׳","קיטוף","","false"
"X6 abbreviated alt (ends ׳)","S00904","alt","קִטּ׳","קיטופא","","false"
"X6 abbreviated alt (ends ׳)","S00908","alt","קִטּ׳","קיטורא","","false"
"X6 abbreviated alt (ends ׳)","S00915","alt","קִטְ׳","קיטני","","false"
"X6 abbreviated alt (ends ׳)","S00917","alt","קִטְ׳","קיטנית-1","","false"
"X6 abbreviated alt (ends ׳)","S00918","alt","קִטְ׳","קיטנית-2","","false"
"X6 abbreviated alt (ends ׳)","S00919","alt","קִטֵּ׳","קיטע","","false"
"X6 abbreviated alt (ends ׳)","S00922","alt","קוּטְ׳","קיטרא","","false"
"X6 abbreviated alt (ends ׳)","S00922","alt","קִטְ׳","קיטרא","","false"
"X6 abbreviated alt (ends ׳)","S00935","alt","קַיָּ׳","קיים-4","","false"
"X6 abbreviated alt (ends ׳)","S00936","alt","קְיָ׳","קיים-5","","false"
"X6 abbreviated alt (ends ׳)","S00959","alt","קִלּ׳","קילוח","","false"
"X6 abbreviated alt (ends ׳)","S00960","alt","קִלּ׳","קילוחא","","false"
"X6 abbreviated alt (ends ׳)","S00967","alt","קִלּ׳","קילוס-2","","false"
"X6 abbreviated alt (ends ׳)","S00968","alt","קִלּ׳","קילוסא","","false"
"X6 abbreviated alt (ends ׳)","S00970","alt","קִלּ׳","קילופא","","false"
"X6 abbreviated alt (ends ׳)","S00985","alt","קִלְ׳","קילקאי","","false"
"X6 abbreviated alt (ends ׳)","S00986","alt","קִלְ׳","קילקול","","false"
"X6 abbreviated alt (ends ׳)","S00987","alt","קִלְ׳","קילקולא","","false"
"X6 abbreviated alt (ends ׳)","S00988","alt","קִלְ׳","קילקי-1","","false"
"X6 abbreviated alt (ends ׳)","S00993","alt","קִילְקִילִּ׳","קילקלין","","false"
"X6 abbreviated alt (ends ׳)","S00995","alt","קִילּוּרִ׳","קילרין","","false"
"X6 abbreviated alt (ends ׳)","S00995","alt","קִלָּ׳","קילרין","","false"
"X6 abbreviated alt (ends ׳)","S01008","alt","קִמּ׳","קימושא","","false"
"X6 abbreviated alt (ends ׳)","S01027","alt","קִנּ׳","קינוי","","false"
"X6 abbreviated alt (ends ׳)","S01029","alt","קְנוֹ׳","קינוניא","","false"
"X6 abbreviated alt (ends ׳)","S01031","alt","קִנּ׳","קינופין","","false"
"X6 abbreviated alt (ends ׳)","S01035","alt","קִנְ׳","קינטור-2","","false"
"X6 abbreviated alt (ends ׳)","S01040","alt","קִי׳","קיני-1","","false"
"X6 abbreviated alt (ends ׳)","S01047","alt","קִנָּ׳","קינמון","","false"
"X6 abbreviated alt (ends ׳)","S01056","alt","קִי׳","קיסא","","false"
"X6 abbreviated alt (ends ׳)","S01059","alt","קִסּ׳","קיסומא-1","","false"
"X6 abbreviated alt (ends ׳)","S01060","alt","קִסּ׳","קיסומא-2","","false"
"X6 abbreviated alt (ends ׳)","S01064","alt","קִסְ׳","קיסט","","false"
"X6 abbreviated alt (ends ׳)","S01077","alt","קִסְ׳","קיסמית","","false"
"X6 abbreviated alt (ends ׳)","S01078","alt","קִסְ׳","קיסנייתא","","false"
"X6 abbreviated alt (ends ׳)","S01086","alt","קִסְ׳","קיסריא","","false"
"X6 abbreviated alt (ends ׳)","S01090","alt","קִסְ׳","קיסרין","","false"
"X6 abbreviated alt (ends ׳)","S01096","alt","קִפּ׳","קיפוי","","false"
"X6 abbreviated alt (ends ׳)","S01097","alt","קִפּ׳","קיפול","","false"
"X6 abbreviated alt (ends ׳)","S01102","alt","קִפּ׳","קיפוף","","false"
"X6 abbreviated alt (ends ׳)","S01103","alt","קִיפּוֹ׳","קיפופא","","false"
"X6 abbreviated alt (ends ׳)","S01103","alt","קִפּ׳","קיפופא","","false"
"X6 abbreviated alt (ends ׳)","S01143","alt","קוּ׳","קיקלא","","false"
"X6 abbreviated alt (ends ׳)","S01143","alt","קִקְ׳","קיקלא","","false"
"X6 abbreviated alt (ends ׳)","S01147","alt","קִיקֶילְ׳","קיקלתא","","false"
"X6 abbreviated alt (ends ׳)","S01158","alt","קֵר׳","קירוב","","false"
"X6 abbreviated alt (ends ׳)","S01159","alt","קֵר׳","קירוד","","false"
"X6 abbreviated alt (ends ׳)","S01181","alt","קִרְ׳","קיריוסים","","false"
"X6 abbreviated alt (ends ׳)","S01186","alt","קִי׳","קיריס-2","","false"
"X6 abbreviated alt (ends ׳)","S01193","alt","קִרְ׳","קירסום","","false"
"X6 abbreviated alt (ends ׳)","S01198","alt","קִרְ׳","קירצוף","","false"
"X6 abbreviated alt (ends ׳)","S01201","alt","קִרְ׳","קירקור","","false"
"X6 abbreviated alt (ends ׳)","S01202","alt","קוּרְ׳","קירקנות","","false"
"X6 abbreviated alt (ends ׳)","S01210","alt","קִשּׁ׳","קישוט","","false"
"X6 abbreviated alt (ends ׳)","S01211","alt","קִשּׁ׳","קישוטא","","false"
"X6 abbreviated alt (ends ׳)","S01212","alt","קִשּׁ׳","קישוי","","false"
"X6 abbreviated alt (ends ׳)","S01214","alt","קִשּׁ׳","קישור","","false"
"X6 abbreviated alt (ends ׳)","S01215","alt","קִשּׁ׳","קישורא","","false"
"X6 abbreviated alt (ends ׳)","S01220","alt","קִשְׁ׳","קישקוש","","false"
"X6 abbreviated alt (ends ׳)","S01221","alt","קִשְׁ׳","קישקושא-1","","false"
"X6 abbreviated alt (ends ׳)","S01222","alt","קִשְׁ׳","קישקושא-2","","false"
"X6 abbreviated alt (ends ׳)","S01243","alt","קְלָפַ׳","קלאפנדר","","false"
"X6 abbreviated alt (ends ׳)","S01261","alt","קִילְ׳","קלוואן","","false"
"X6 abbreviated alt (ends ׳)","S01265","alt","קִילִ׳","קלווסין","","false"
"X6 abbreviated alt (ends ׳)","S01283","alt","קְלוּסַנְתְּרִ׳","קלוסנטרין","","false"
"X6 abbreviated alt (ends ׳)","S01305","alt","קִי׳","קלחא","","false"
"X6 abbreviated alt (ends ׳)","S01305","alt","קוּ׳","קלחא","","false"
"X6 abbreviated alt (ends ׳)","S01311","alt","קִי׳","קלטא-3","","false"
"X6 abbreviated alt (ends ׳)","S01311","alt","קוּ׳","קלטא-3","","false"
"X6 abbreviated alt (ends ׳)","S01336","alt","קְלִ׳","קליל-3","","false"
"X6 abbreviated alt (ends ׳)","S01347","alt","קַלִּי׳","קליפא","","false"
"X6 abbreviated alt (ends ׳)","S01351","alt","קלו׳","קלירוס-2","","false"
"X6 abbreviated alt (ends ׳)","S01352","alt","קַלִּ׳","קליש","","false"
"X6 abbreviated alt (ends ׳)","S01397","alt","קִי׳","קלע-8","","false"
"X6 abbreviated alt (ends ׳)","S01398","alt","קִי׳","קלעא-1","","false"
"X6 abbreviated alt (ends ׳)","S01398","alt","קַלְ׳","קלעא-1","","false"
"X6 abbreviated alt (ends ׳)","S01405","alt","קִלְ׳","קלפא","","false"
"X6 abbreviated alt (ends ׳)","S01405","alt","קִילְ׳","קלפא","","false"
"X6 abbreviated alt (ends ׳)","S01420","alt","קִלְקֶילְ׳","קלקלתא","","false"
"X6 abbreviated alt (ends ׳)","S01420","alt","קִי׳","קלקלתא","","false"
"X6 abbreviated alt (ends ׳)","S01421","alt","קַנְ׳","(קלקנתום","","false"
"X6 abbreviated alt (ends ׳)","S01456","alt","קִי׳","קמח-3","","false"
"X6 abbreviated alt (ends ׳)","S01457","alt","קִי׳","קמחוניא","","false"
"X6 abbreviated alt (ends ׳)","S01459","alt","קִי׳","קמחית","","false"
"X6 abbreviated alt (ends ׳)","S01465","alt","קוּמְ׳","קמטרא","","false"
"X6 abbreviated alt (ends ׳)","S01481","alt","קִי׳","קמעא","","false"
"X6 abbreviated alt (ends ׳)","S01482","alt","קוּמְ׳","קמפון","","false"
"X6 abbreviated alt (ends ׳)","S01506","alt","קִי׳","קן-3","","false"
"X6 abbreviated alt (ends ׳)","S01512","alt","קִי׳","קנאה-2","","false"
"X6 abbreviated alt (ends ׳)","S01557","alt","קִי׳","קנטינר","","false"
"X6 abbreviated alt (ends ׳)","S01557","alt","קַ׳","קנטינר","","false"
"X6 abbreviated alt (ends ׳)","S01565","alt","קַנְתְּ׳","קנטרן","","false"
"X6 abbreviated alt (ends ׳)","S01572","alt","קְנוּבְ׳","קניבה-2","","false"
"X6 abbreviated alt (ends ׳)","S01575","alt","קִינִ׳","קניגיא","","false"
"X6 abbreviated alt (ends ׳)","S01576","alt","קִינִ׳","קניגיון","","false"
"X6 abbreviated alt (ends ׳)","S01588","alt","קִנְיָי׳","קנין-2","","false"
"X6 abbreviated alt (ends ׳)","S01588","alt","קִי׳","קנין-2","","false"
"X6 abbreviated alt (ends ׳)","S01610","alt","קִינְ׳","קנקל-1","","false"
"X6 abbreviated alt (ends ׳)","S01639","alt","קַשְׂ׳","קסווא","","false"
"X6 abbreviated alt (ends ׳)","S01661","alt","קַסִּטְ׳","קסיטרון","","false"
"X6 abbreviated alt (ends ׳)","S01668","alt","קוּ׳","קסם-4","","false"
"X6 abbreviated alt (ends ׳)","S01668","alt","קִי׳","קסם-4","","false"
"X6 abbreviated alt (ends ׳)","S01672","alt","קָסָ׳","קסמא-1","","false"
"X6 abbreviated alt (ends ׳)","S01672","alt","קוֹ׳","קסמא-1","","false"
"X6 abbreviated alt (ends ׳)","S01709","alt","קַפּוּטְ׳","קפודקיא-1","","false"
"X6 abbreviated alt (ends ׳)","S01710","alt","קַפּוּטְ׳","קפודקיא-2","","false"
"X6 abbreviated alt (ends ׳)","S01760","alt","קִי׳","קפלריא","","false"
"X6 abbreviated alt (ends ׳)","S01761","alt","קוּפַּ׳","קפנדריא","","false"
"X6 abbreviated alt (ends ׳)","S01769","alt","הַקַּ׳","קפר","","false"
"X6 abbreviated alt (ends ׳)","S01780","alt","קִי׳","קץ-4","","false"
"X6 abbreviated alt (ends ׳)","S01786","alt","קִי׳","קצבה","","false"
"X6 abbreviated alt (ends ׳)","S01803","alt","קִי׳","קצחא","","false"
"X6 abbreviated alt (ends ׳)","S01833","alt","קִיצְ׳","קצפא","","false"
"X6 abbreviated alt (ends ׳)","S01834","alt","קִיצָּ׳","קצפון","","false"
"X6 abbreviated alt (ends ׳)","S01897","alt","קוּרְ׳","קרבן-2","","false"
"X6 abbreviated alt (ends ׳)","S01906","alt","קוּרְ׳","קרדום-1","","false"
"X6 abbreviated alt (ends ׳)","S01923","alt","קִי׳","קרוא-1","","false"
"X6 abbreviated alt (ends ׳)","S01924","alt","קִי׳","קרוא-2","","false"
"X6 abbreviated alt (ends ׳)","S01939","alt","קִירְ׳","קרויא-3","","false"
"X6 abbreviated alt (ends ׳)","S01940","alt","קֵיר׳","קרויה","","false"
"X6 abbreviated alt (ends ׳)","S01953","alt","קְרוּנְ׳","קרונתא","","false"
"X6 abbreviated alt (ends ׳)","S01990","alt","קוּרְ׳","קרטוב","","false"
"X6 abbreviated alt (ends ׳)","S02040","alt","קִירְ׳","קריה-2","","false"
"X6 abbreviated alt (ends ׳)","S02045","alt","קִי׳","קריותא","","false"
"X6 abbreviated alt (ends ׳)","S02049","alt","קוֹ׳","קרייא-1","","false"
"X6 abbreviated alt (ends ׳)","S02049","alt","קוּ׳","קרייא-1","","false"
"X6 abbreviated alt (ends ׳)","S02049","alt","קי׳","קרייא-1","","false"
"X6 abbreviated alt (ends ׳)","S02077","alt","קְרִצְ׳","קריצתא","","false"
"X6 abbreviated alt (ends ׳)","S02091","alt","קִי׳","קרמא-2","","false"
"X6 abbreviated alt (ends ׳)","S02095","alt","קִירַ׳","קרמיון","","false"
"X6 abbreviated alt (ends ׳)","S02122","alt","קִי׳","קרסי","","false"
"X6 abbreviated alt (ends ׳)","S02145","alt","קוּרְ׳","קרץ-5","","false"
"X6 abbreviated alt (ends ׳)","S02179","alt","קַרְקֵי׳","קרקפל","","false"
"X6 abbreviated alt (ends ׳)","S02190","alt","קַרְקִי׳","קרקשא","","false"
"X6 abbreviated alt (ends ׳)","S02203","alt","קָ׳","קרתא-1","","false"
"X6 abbreviated alt (ends ׳)","S02204","alt","קֹרָ׳","קרתא-2","","false"
"X6 abbreviated alt (ends ׳)","S02223","alt","קִי׳","קשואים","","false"
"X6 abbreviated alt (ends ׳)","S02244","alt","קְשִׁ׳","קשיט","","false"
"X6 abbreviated alt (ends ׳)","S02251","alt","קָשִׁ׳","קשיש","","false"
"X6 abbreviated alt (ends ׳)","S02285","alt","קְתִידְ׳","קתדרא","","false"
"X6 abbreviated alt (ends ׳)","S02286","alt","קְתִידְ׳","קתדרין","","false"
"X6 abbreviated alt (ends ׳)","S02288","alt","קָתְלִי׳","קתוליקוס","","false"
"X6 abbreviated alt (ends ׳)","T00053","alt","רִי׳","רבבת","","false"
"X6 abbreviated alt (ends ׳)","T00057","alt","רִי׳","רבדא","","false"
"X6 abbreviated alt (ends ׳)","T00064","alt","רִיבּ׳","רבוא-1","","false"
"X6 abbreviated alt (ends ׳)","T00065","alt","רִי׳","רבוא-2","","false"
"X6 abbreviated alt (ends ׳)","T00073","alt","רִי׳","רבון-3","","false"
"X6 abbreviated alt (ends ׳)","T00074","alt","רִיבּ׳","רבונא","","false"
"X6 abbreviated alt (ends ׳)","T00086","alt","רַ׳","רבי-7","","false"
"X6 abbreviated alt (ends ׳)","T00111","alt","רִי׳","רבית-1","","false"
"X6 abbreviated alt (ends ׳)","T00112","alt","רִי׳","רבית-2","","false"
"X6 abbreviated alt (ends ׳)","T00127","alt","רַבַּ׳","רבסא","","false"
"X6 abbreviated alt (ends ׳)","T00131","alt","רִי׳","רבעא","","false"
"X6 abbreviated alt (ends ׳)","T00142","alt","רִי׳","רבקא","","false"
"X6 abbreviated alt (ends ׳)","T00159","alt","רִי׳","רגגא","","false"
"X6 abbreviated alt (ends ׳)","T00186","alt","רְ׳","רגיג","","false"
"X6 abbreviated alt (ends ׳)","T00187","alt","רְגִגְ׳","רגיגתא","","false"
"X6 abbreviated alt (ends ׳)","T00205","alt","רִי׳","רגל-4","","false"
"X6 abbreviated alt (ends ׳)","T00206","alt","רִי׳","רגלאה","","false"
"X6 abbreviated alt (ends ׳)","T00207","alt","רי׳","רגלותא","","false"
"X6 abbreviated alt (ends ׳)","T00214","alt","רִי׳","רגמא","","false"
"X6 abbreviated alt (ends ׳)","T00219","alt","רִי׳","רגעא","","false"
"X6 abbreviated alt (ends ׳)","T00227","alt","רִי׳","רגשא","","false"
"X6 abbreviated alt (ends ׳)","T00228","alt","רִי׳","רגתא","","false"
"X6 abbreviated alt (ends ׳)","T00247","alt","רִי׳","רדיא-2","","false"
"X6 abbreviated alt (ends ׳)","T00269","alt","רָ׳","רדתא","","false"
"X6 abbreviated alt (ends ׳)","T00282","alt","רִי׳","רהטון","","false"
"X6 abbreviated alt (ends ׳)","T00328","alt","רֵי׳","רווח-3","","false"
"X6 abbreviated alt (ends ׳)","T00330","alt","רְוַחְ׳","רווחא","","false"
"X6 abbreviated alt (ends ׳)","T00349","alt","רוֹ׳","רוחצן","","false"
"X6 abbreviated alt (ends ׳)","T00349","alt","רָחֲצָ׳","רוחצן","","false"
"X6 abbreviated alt (ends ׳)","T00360","alt","רַוְו׳","רוי-3","","false"
"X6 abbreviated alt (ends ׳)","T00365","alt","רַוְו׳","רוייתא","","false"
"X6 abbreviated alt (ends ׳)","T00387","alt","רוֹ׳","רומחא","","false"
"X6 abbreviated alt (ends ׳)","T00494","alt","רִיחְ׳","רחיא","","false"
"X6 abbreviated alt (ends ׳)","T00494","alt","רֵי׳","רחיא","","false"
"X6 abbreviated alt (ends ׳)","T00495","alt","רֵי׳","רחיים","","false"
"X6 abbreviated alt (ends ׳)","T00508","alt","רְ׳","רחיק-3","","false"
"X6 abbreviated alt (ends ׳)","T00515","alt","רְחֵי׳","רחלא","","false"
"X6 abbreviated alt (ends ׳)","T00521","alt","רַחְ׳","רחמא-1","","false"
"X6 abbreviated alt (ends ׳)","T00522","alt","רַחְ׳","רחמא-2","","false"
"X6 abbreviated alt (ends ׳)","T00523","alt","רַחְ׳","רחמא-3","","false"
"X6 abbreviated alt (ends ׳)","T00543","alt","רִו׳","רחש-4","","false"
"X6 abbreviated alt (ends ׳)","T00546","alt","רִי׳","רחתא","","false"
"X6 abbreviated alt (ends ׳)","T00561","alt","רְ׳","רטיב","","false"
"X6 abbreviated alt (ends ׳)","T00586","alt","רִבּ׳","ריבוי","","false"
"X6 abbreviated alt (ends ׳)","T00587","alt","רִבּ׳","ריבויא","","false"
"X6 abbreviated alt (ends ׳)","T00589","alt","רִבּ׳","ריבוע-1","","false"
"X6 abbreviated alt (ends ׳)","T00590","alt","רִבּ׳","ריבוע-2","","false"
"X6 abbreviated alt (ends ׳)","T00598","alt","רִגְּ׳","ריגוג","","false"
"X6 abbreviated alt (ends ׳)","T00600","alt","רִגּ׳","ריגוש-2","","false"
"X6 abbreviated alt (ends ׳)","T00609","alt","רִהֲ׳","ריהטא","","false"
"X6 abbreviated alt (ends ׳)","T00631","alt","רֵחְ׳","ריחתנא","","false"
"X6 abbreviated alt (ends ׳)","T00640","alt","רִכּ׳","ריכונא","","false"
"X6 abbreviated alt (ends ׳)","T00647","alt","רֵימְ׳","רימנא","","false"
"X6 abbreviated alt (ends ׳)","T00650","alt","רִנּ׳","רינון","","false"
"X6 abbreviated alt (ends ׳)","T00651","alt","רִנּ׳","רינונא","","false"
"X6 abbreviated alt (ends ׳)","T00656","alt","רִי׳","ריסא-1","","false"
"X6 abbreviated alt (ends ׳)","T00660","alt","רִסּ׳","ריסוקא","","false"
"X6 abbreviated alt (ends ׳)","T00667","alt","רִסְ׳","ריסתקא","","false"
"X6 abbreviated alt (ends ׳)","T00673","alt","רֵע׳","ריעותא","","false"
"X6 abbreviated alt (ends ׳)","T00678","alt","רִפּ׳","ריפוי","","false"
"X6 abbreviated alt (ends ׳)","T00693","alt","רֵקָ׳","ריקא","","false"
"X6 abbreviated alt (ends ׳)","T00695","alt","רִקּ׳","ריקוד","","false"
"X6 abbreviated alt (ends ׳)","T00697","alt","רִקּ׳","ריקוח","","false"
"X6 abbreviated alt (ends ׳)","T00699","alt","רִקּ׳","ריקוע","","false"
"X6 abbreviated alt (ends ׳)","T00707","alt","רִקָ׳","ריקן-4","","false"
"X6 abbreviated alt (ends ׳)","T00722","alt","רִשּׁ׳","רישום","","false"
"X6 abbreviated alt (ends ׳)","T00736","alt","רִתּ׳","ריתות","","false"
"X6 abbreviated alt (ends ׳)","T00749","alt","רִיכְ׳","רכבא-1","","false"
"X6 abbreviated alt (ends ׳)","T00775","alt","רִי׳","רכסא-1","","false"
"X6 abbreviated alt (ends ׳)","T00776","alt","רִי׳","רכסא-2","","false"
"X6 abbreviated alt (ends ׳)","T00778","alt","רִיכְ׳","רכפת","","false"
"X6 abbreviated alt (ends ׳)","T00779","alt","רִי׳","רכשא","","false"
"X6 abbreviated alt (ends ׳)","T00793","alt","רִי׳","רמה-3","","false"
"X6 abbreviated alt (ends ׳)","T00795","alt","רִי׳","רמון-1","","false"
"X6 abbreviated alt (ends ׳)","T00796","alt","רִי׳","רמון-2","","false"
"X6 abbreviated alt (ends ׳)","T00836","alt","רִי׳","רמצא","","false"
"X6 abbreviated alt (ends ׳)","T00838","alt","רוּמְ׳","רמש-2","","false"
"X6 abbreviated alt (ends ׳)","T00839","alt","רוּ׳","רמשית","","false"
"X6 abbreviated alt (ends ׳)","T00844","alt","רִי׳","רנה","","false"
"X6 abbreviated alt (ends ׳)","T00849","alt","רִי׳","רננא","","false"
"X6 abbreviated alt (ends ׳)","T00858","alt","רִי׳","רסנא","","false"
"X6 abbreviated alt (ends ׳)","T00884","alt","רַעֲ׳","רעוא-1","","false"
"X6 abbreviated alt (ends ׳)","T00885","alt","רַעֲ׳","רעוא-2","","false"
"X6 abbreviated alt (ends ׳)","T00894","alt","רֵי׳","רעי-6","","false"
"X6 abbreviated alt (ends ׳)","T00954","alt","רִי׳","רפסא","","false"
"X6 abbreviated alt (ends ׳)","T00962","alt","רִי׳","רפקא","","false"
"X6 abbreviated alt (ends ׳)","T00994","alt","רוֹ׳","רצענא","","false"
"X6 abbreviated alt (ends ׳)","T00998","alt","רִי׳","רצפה","","false"
"X6 abbreviated alt (ends ׳)","T01000","alt","רִיצְ׳","רצפתא","","false"
"X6 abbreviated alt (ends ׳)","T01012","alt","רִי׳","רקבא-1","","false"
"X6 abbreviated alt (ends ׳)","T01044","alt","רִי׳","רקמא","","false"
"X6 abbreviated alt (ends ׳)","T01069","alt","רִישְׁ׳","רשבא","","false"
"X6 abbreviated alt (ends ׳)","T01070","alt","רִישְׁ׳","רשבין","","false"
"X6 abbreviated alt (ends ׳)","T01081","alt","רָ׳","רשותא","","false"
"X6 abbreviated alt (ends ׳)","T01084","alt","רָ׳","רשיא-1","","false"
"X6 abbreviated alt (ends ׳)","T01085","alt","רַשַּׁ׳","רשיא-2","","false"
"X6 abbreviated alt (ends ׳)","T01087","alt","רָשִׁ׳","רשיעא","","false"
"X6 abbreviated alt (ends ׳)","T01103","alt","רִי׳","רשעא","","false"
"X6 abbreviated alt (ends ׳)","T01109","alt","רִי׳","רשפא","","false"
"X6 abbreviated alt (ends ׳)","T01110","alt","רִי׳","רשק","","false"
"X6 abbreviated alt (ends ׳)","T01125","alt","רִי׳","רתחא-2","","false"
"X6 abbreviated alt (ends ׳)","T01142","alt","רִי׳","רתמא","","false"
"X6 abbreviated alt (ends ׳)","T01142","alt","רוּ׳","רתמא","","false"
"X6 abbreviated alt (ends ׳)","T01147","alt","רִי׳","רתקא","","false"
"X6 abbreviated alt (ends ׳)","U00033","alt","שְׁאִי׳","שאלה","","false"
"X6 abbreviated alt (ends ׳)","U00067","alt","שִׁבְ׳","שבבין","","false"
"X6 abbreviated alt (ends ׳)","U00067","alt","שֵׁיבְ׳","שבבין","","false"
"X6 abbreviated alt (ends ׳)","U00069","alt","שִׁי׳","שבהור","","false"
"X6 abbreviated alt (ends ׳)","U00105","alt","שׁוּ׳","שבט-4","","false"
"X6 abbreviated alt (ends ׳)","U00112","alt","שִׁי׳","שבי-4","","false"
"X6 abbreviated alt (ends ׳)","U00140","alt","שִׁבְּ׳","שבלא","","false"
"X6 abbreviated alt (ends ׳)","U00140","alt","שֻׁבְּ׳","שבלא","","false"
"X6 abbreviated alt (ends ׳)","U00146","alt","שִׂ׳","שבלי","","false"
"X6 abbreviated alt (ends ׳)","U00156","alt","שַׁ׳","שבע-2","","false"
"X6 abbreviated alt (ends ׳)","U00156","alt","שׁוּ׳","שבע-2","","false"
"X6 abbreviated alt (ends ׳)","U00162","alt","שָׂבְ׳","שבע-8","","false"
"X6 abbreviated alt (ends ׳)","U00170","alt","שִׁי׳","שבקא-1","","false"
"X6 abbreviated alt (ends ׳)","U00171","alt","שִׁי׳","שבקא-2","","false"
"X6 abbreviated alt (ends ׳)","U00188","alt","שִׁי׳","שבשא-1","","false"
"X6 abbreviated alt (ends ׳)","U00195","alt","שְׁבִישְׁ׳","שבשתא","","false"
"X6 abbreviated alt (ends ׳)","U00213","alt","שִׁי׳","שגדא","","false"
"X6 abbreviated alt (ends ׳)","U00231","alt","שִׁי׳","שגמא","","false"
"X6 abbreviated alt (ends ׳)","U00238","alt","שִׁי׳","שגרא","","false"
"X6 abbreviated alt (ends ׳)","U00239","alt","שִׁי׳","שגרונא","","false"
"X6 abbreviated alt (ends ׳)","U00248","alt","שַׁגִּישְׁ׳","שגשיא","","false"
"X6 abbreviated alt (ends ׳)","U00252","alt","שֵׁי׳","שדא-1","","false"
"X6 abbreviated alt (ends ׳)","U00281","alt","שִׁי׳","שדפון","","false"
"X6 abbreviated alt (ends ׳)","U00282","alt","שִׁידּ׳","שדפונא","","false"
"X6 abbreviated alt (ends ׳)","U00282","alt","שׁוּדְּ׳","שדפונא","","false"
"X6 abbreviated alt (ends ׳)","U00287","alt","שִׁי׳","שדרא","","false"
"X6 abbreviated alt (ends ׳)","U00287","alt","שׁוּ׳","שדרא","","false"
"X6 abbreviated alt (ends ׳)","U00289","alt","שִׁי׳","שדרה","","false"
"X6 abbreviated alt (ends ׳)","U00323","alt","שׁוּבְּ׳","שובל-3","","false"
"X6 abbreviated alt (ends ׳)","U00327","alt","שׂוּ׳","שובע-2","","false"
"X6 abbreviated alt (ends ׳)","U00335","alt","שׂוֹדָ׳","שודני","","false"
"X6 abbreviated alt (ends ׳)","U00366","alt","שׁוּחֲ׳","שוחדא","","false"
"X6 abbreviated alt (ends ׳)","U00366","alt","שׁוּחְ׳","שוחדא","","false"
"X6 abbreviated alt (ends ׳)","U00370","alt","שׁוּ׳","שוחנא","","false"
"X6 abbreviated alt (ends ׳)","U00396","alt","שִׁיוְו׳","שויא","","false"
"X6 abbreviated alt (ends ׳)","U00396","alt","שִׁיוּוּ׳","שויא","","false"
"X6 abbreviated alt (ends ׳)","U00399","alt","שַׁוְו׳","שויותא","","false"
"X6 abbreviated alt (ends ׳)","U00399","alt","שַׁוְיָי׳","שויותא","","false"
"X6 abbreviated alt (ends ׳)","U00420","alt","שֻׁלְ׳","שולחן","","false"
"X6 abbreviated alt (ends ׳)","U00425","alt","שָׁלְ׳","שולטנות","","false"
"X6 abbreviated alt (ends ׳)","U00426","alt","שָׁלְ׳","שולטנותא","","false"
"X6 abbreviated alt (ends ׳)","U00428","alt","שְׁוַו׳","שוליא","","false"
"X6 abbreviated alt (ends ׳)","U00431","alt","הַשּׁ׳","שולמי","","false"
"X6 abbreviated alt (ends ׳)","U00474","alt","שִׁי׳","שוסתג","","false"
"X6 abbreviated alt (ends ׳)","U00510","alt","שׁוֹפְ׳","שופרא-1","","false"
"X6 abbreviated alt (ends ׳)","U00549","alt","ס׳","שורייקא","","false"
"X6 abbreviated alt (ends ׳)","U00561","alt","שׁוּ׳","שושבינא","","false"
"X6 abbreviated alt (ends ׳)","U00595","alt","שְׁזוּ׳","שזוגא","","false"
"X6 abbreviated alt (ends ׳)","U00598","alt","שְׁ׳","שזיבו","","false"
"X6 abbreviated alt (ends ׳)","U00608","alt","שִׁי׳","שזרה","","false"
"X6 abbreviated alt (ends ׳)","U00609","alt","שִׁ׳","שזרתא","","false"
"X6 abbreviated alt (ends ׳)","U00609","alt","שֵׁי׳","שזרתא","","false"
"X6 abbreviated alt (ends ׳)","U00644","alt","שִׁי׳","שחיא","","false"
"X6 abbreviated alt (ends ׳)","U00666","alt","שִׁי׳","שחלייא","","false"
"X6 abbreviated alt (ends ׳)","U00667","alt","שִׁי׳","שחליים","","false"
"X6 abbreviated alt (ends ׳)","U00674","alt","שִׁי׳","שחמא","","false"
"X6 abbreviated alt (ends ׳)","U00678","alt","שִׁי׳","שחנא","","false"
"X6 abbreviated alt (ends ׳)","U00720","alt","שִׁי׳","שחרר","","false"
"X6 abbreviated alt (ends ׳)","U00727","alt","שִׁי׳","שחתא-1","","false"
"X6 abbreviated alt (ends ׳)","U00752","alt","שִׁיטִּ׳","שטים-1","","false"
"X6 abbreviated alt (ends ׳)","U00761","alt","שִׂי׳","שטן-4","","false"
"X6 abbreviated alt (ends ׳)","U00765","alt","שִׁי׳","שטפא","","false"
"X6 abbreviated alt (ends ׳)","U00772","alt","שִׁיטְ׳","שטרא-2","","false"
"X6 abbreviated alt (ends ׳)","U00784","alt","שִׁיבְ׳","שיבבא","","false"
"X6 abbreviated alt (ends ׳)","U00784","alt","שֵׁבְ׳","שיבבא","","false"
"X6 abbreviated alt (ends ׳)","U00785","alt","שֵׁבְ׳","שיבבותא","","false"
"X6 abbreviated alt (ends ׳)","U00791","alt","שִׁבּ׳","שיבוחא","","false"
"X6 abbreviated alt (ends ׳)","U00792","alt","שִׁבּ׳","שיבוטא","","false"
"X6 abbreviated alt (ends ׳)","U00794","alt","שִׁבּוֹ׳","שיבולת","","false"
"X6 abbreviated alt (ends ׳)","U00795","alt","שִׁבּ׳","שיבולתא","","false"
"X6 abbreviated alt (ends ׳)","U00796","alt","שִׁבּ׳","שיבוקא","","false"
"X6 abbreviated alt (ends ׳)","U00797","alt","שִׁבּ׳","שיבור","","false"
"X6 abbreviated alt (ends ׳)","U00798","alt","שִׁבּ׳","שיבוש","","false"
"X6 abbreviated alt (ends ׳)","U00804","alt","שִׁיבְ׳","שיבלא","","false"
"X6 abbreviated alt (ends ׳)","U00805","alt","שִׁבְ׳","שיבלי","","false"
"X6 abbreviated alt (ends ׳)","U00805","alt","שִׂ׳","שיבלי","","false"
"X6 abbreviated alt (ends ׳)","U00816","alt","שִׁגּ׳","שיגוש","","false"
"X6 abbreviated alt (ends ׳)","U00817","alt","שִׁגּ׳","שיגושיא","","false"
"X6 abbreviated alt (ends ׳)","U00818","alt","שִׁגּ׳","שיגושתא","","false"
"X6 abbreviated alt (ends ׳)","U00827","alt","שִׁדּ׳","שידוכא","","false"
"X6 abbreviated alt (ends ׳)","U00843","alt","שֵׁזֵ׳","שיזב","","false"
"X6 abbreviated alt (ends ׳)","U00844","alt","שֵׁזְ׳","שיזבא","","false"
"X6 abbreviated alt (ends ׳)","U00845","alt","שֵׁזָ׳","שיזבו","","false"
"X6 abbreviated alt (ends ׳)","U00848","alt","שִׁזּ׳","שיזוגא","","false"
"X6 abbreviated alt (ends ׳)","U00850","alt","שִׁזְ׳","שיזפין","","false"
"X6 abbreviated alt (ends ׳)","U00860","alt","שׁוּ׳","שיחה-1","","false"
"X6 abbreviated alt (ends ׳)","U00875","alt","שִׁחְ׳","שיחרור-2","","false"
"X6 abbreviated alt (ends ׳)","U00876","alt","שִׁחְ׳","שיחרורא","","false"
"X6 abbreviated alt (ends ׳)","U00879","alt","שַׁיָּי׳","שיטא-1","","false"
"X6 abbreviated alt (ends ׳)","U00914","alt","שְׁיַרְ׳","שיירתא","","false"
"X6 abbreviated alt (ends ׳)","U00920","alt","שִׁכּ׳","שיכון","","false"
"X6 abbreviated alt (ends ׳)","U00924","alt","שִׁכְ׳","שיכלול","","false"
"X6 abbreviated alt (ends ׳)","U00925","alt","שִׁכְ׳","שיכלולא","","false"
"X6 abbreviated alt (ends ׳)","U00925","alt","שַׁכ׳","שיכלולא","","false"
"X6 abbreviated alt (ends ׳)","U00928","alt","שִׁכְ׳","שיכמי","","false"
"X6 abbreviated alt (ends ׳)","U00942","alt","שִׁלּ׳","שילוט","","false"
"X6 abbreviated alt (ends ׳)","U00956","alt","שִׁמָּ׳","שימאה","","false"
"X6 abbreviated alt (ends ׳)","U00958","alt","שִׁמּ׳","שימוט","","false"
"X6 abbreviated alt (ends ׳)","U00960","alt","שִׁמּ׳","שימור","","false"
"X6 abbreviated alt (ends ׳)","U00961","alt","שִׁמּ׳","שימוש","","false"
"X6 abbreviated alt (ends ׳)","U00962","alt","שִׁמּ׳","שימושא","","false"
"X6 abbreviated alt (ends ׳)","U00971","alt","שִׁנְ׳","שינדפין","","false"
"X6 abbreviated alt (ends ׳)","U00973","alt","שִׁנּ׳","שינוי","","false"
"X6 abbreviated alt (ends ׳)","U00974","alt","שִׁנּ׳","שינויא","","false"
"X6 abbreviated alt (ends ׳)","U00975","alt","שִׁנּ׳","שינון","","false"
"X6 abbreviated alt (ends ׳)","U00976","alt","שִׁנּ׳","שינוקא","","false"
"X6 abbreviated alt (ends ׳)","U00976","alt","שִׁירְנ׳","שינוקא","","false"
"X6 abbreviated alt (ends ׳)","U00976","alt","שִׁרְנ׳","שינוקא","","false"
"X6 abbreviated alt (ends ׳)","U00984","alt","שִׁסּ׳","שיסוע","","false"
"X6 abbreviated alt (ends ׳)","U00992","alt","שִׁע׳","שיעורא","","false"
"X6 abbreviated alt (ends ׳)","U01011","alt","שִׁפּ׳","שופוט","","false"
"X6 abbreviated alt (ends ׳)","U01012","alt","שִׁפּ׳","שיפוי-1","","false"
"X6 abbreviated alt (ends ׳)","U01013","alt","שִׁפּ׳","שיפוי-2","","false"
"X6 abbreviated alt (ends ׳)","U01015","alt","שִׁפּ׳","שיפול","","false"
"X6 abbreviated alt (ends ׳)","U01016","alt","שִׁפּ׳","שיפולא","","false"
"X6 abbreviated alt (ends ׳)","U01019","alt","שִׁפּ׳","שיפוע","","false"
"X6 abbreviated alt (ends ׳)","U01020","alt","שִׁפּ׳","שיפועא","","false"
"X6 abbreviated alt (ends ׳)","U01024","alt","שִׁפְ׳","שיפיות","","false"
"X6 abbreviated alt (ends ׳)","U01034","alt","שֵׁצְ׳","שיציא","","false"
"X6 abbreviated alt (ends ׳)","U01034","alt","שַׁצְ׳","שיציא","","false"
"X6 abbreviated alt (ends ׳)","U01035","alt","שֵׁצָ׳","שיציו-1","","false"
"X6 abbreviated alt (ends ׳)","U01037","alt","שׁוּ׳","שיצינא","","false"
"X6 abbreviated alt (ends ׳)","U01040","alt","שִׁקּ׳","שיקוייא","","false"
"X6 abbreviated alt (ends ׳)","U01041","alt","שִׁקּ׳","שיקול","","false"
"X6 abbreviated alt (ends ׳)","U01042","alt","שִׁקּ׳","שיקוע","","false"
"X6 abbreviated alt (ends ׳)","U01043","alt","שִׁקּ׳","שיקועא","","false"
"X6 abbreviated alt (ends ׳)","U01044","alt","שִׁקּ׳","שיקוץ-1","","false"
"X6 abbreviated alt (ends ׳)","U01045","alt","שִׁקּ׳","שיקוץ-2","","false"
"X6 abbreviated alt (ends ׳)","U01046","alt","שִׁקּ׳","שיקור-1","","false"
"X6 abbreviated alt (ends ׳)","U01065","alt","שֵׁר׳","שירוי","","false"
"X6 abbreviated alt (ends ׳)","U01067","alt","שֵׂר׳","שירוף","","false"
"X6 abbreviated alt (ends ׳)","U01069","alt","שֵׁר׳","שירותא-1","","false"
"X6 abbreviated alt (ends ׳)","U01070","alt","שֵׁר׳","שירותא-2","","false"
"X6 abbreviated alt (ends ׳)","U01071","alt","שֵׁר׳","שירותא-3","","false"
"X6 abbreviated alt (ends ׳)","U01072","alt","שִׁרְ׳","שירטוט","","false"
"X6 abbreviated alt (ends ׳)","U01091","alt","שַׁיי׳","שיש-3","","false"
"X6 abbreviated alt (ends ׳)","U01095","alt","שִׁירְשׁ׳","שישורא","","false"
"X6 abbreviated alt (ends ׳)","U01095","alt","שִׁרְשׁ׳","שישורא","","false"
"X6 abbreviated alt (ends ׳)","U01103","alt","שִׁתָּ׳","שית-4","","false"
"X6 abbreviated alt (ends ׳)","U01107","alt","שִׁתּ׳","שיתומא","","false"
"X6 abbreviated alt (ends ׳)","U01117","alt","שִׁי׳","שכבא","","false"
"X6 abbreviated alt (ends ׳)","U01121","alt","שׁוּכְ׳","שכבתא","","false"
"X6 abbreviated alt (ends ׳)","U01136","alt","שִׁי׳","שכור-2","","false"
"X6 abbreviated alt (ends ׳)","U01140","alt","שִׁי׳","שכחה","","false"
"X6 abbreviated alt (ends ׳)","U01163","alt","שַׁכְ׳","שכלול","","false"
"X6 abbreviated alt (ends ׳)","U01166","alt","שִׁיכְ׳","שכלל-1","","false"
"X6 abbreviated alt (ends ׳)","U01188","alt","שִׁי׳","שכרא-1","","false"
"X6 abbreviated alt (ends ׳)","U01189","alt","שִׁי׳","שכרא-2","","false"
"X6 abbreviated alt (ends ׳)","U01190","alt","שִׁי׳","שכרות","","false"
"X6 abbreviated alt (ends ׳)","U01191","alt","שִׁיכְ׳","שכשוך","","false"
"X6 abbreviated alt (ends ׳)","U01199","alt","שְׁלַאֲ׳","שלאהותא","","false"
"X6 abbreviated alt (ends ׳)","U01213","alt","שִׁי׳","שלדא","","false"
"X6 abbreviated alt (ends ׳)","U01220","alt","שַׁלְהֵי׳","שלהובא","","false"
"X6 abbreviated alt (ends ׳)","U01222","alt","שִׁי׳","שלהוי","","false"
"X6 abbreviated alt (ends ׳)","U01223","alt","שִׁי׳","שלחי","","false"
"X6 abbreviated alt (ends ׳)","U01263","alt","שְׁ׳","שלותא-1","","false"
"X6 abbreviated alt (ends ׳)","U01271","alt","שִׁי׳","שלחא-1","","false"
"X6 abbreviated alt (ends ׳)","U01272","alt","שִׁי׳","שלחא-2","","false"
"X6 abbreviated alt (ends ׳)","U01284","alt","שִׁי׳","שלטא","","false"
"X6 abbreviated alt (ends ׳)","U01285","alt","שִׁי׳","שלטון-1","","false"
"X6 abbreviated alt (ends ׳)","U01286","alt","שִׁי׳","שלטון-2","","false"
"X6 abbreviated alt (ends ׳)","U01295","alt","שִׁי׳","שליא-2","","false"
"X6 abbreviated alt (ends ׳)","U01296","alt","שִׁי׳","שליא-3","","false"
"X6 abbreviated alt (ends ׳)","U01297","alt","שִׁי׳","שליא-4","","false"
"X6 abbreviated alt (ends ׳)","U01326","alt","שְׁלֵי׳","שלים-2","","false"
"X6 abbreviated alt (ends ׳)","U01328","alt","שְׁלֵי׳","שלימותא","","false"
"X6 abbreviated alt (ends ׳)","U01338","alt","שִׁלְיי׳","שליתא","","false"
"X6 abbreviated alt (ends ׳)","U01338","alt","שִׁילְ׳","שליתא","","false"
"X6 abbreviated alt (ends ׳)","U01391","alt","שִׁי׳","שלשול-1","","false"
"X6 abbreviated alt (ends ׳)","U01392","alt","שִׁי׳","שלשול-2","","false"
"X6 abbreviated alt (ends ׳)","U01393","alt","שׁי׳","שלשול-3","","false"
"X6 abbreviated alt (ends ׳)","U01396","alt","שִׁילְ׳","שלשל-1","","false"
"X6 abbreviated alt (ends ׳)","U01402","alt","שׁוּלְשֶׁילְ׳","שלשלתא","","false"
"X6 abbreviated alt (ends ׳)","U01402","alt","שׁוֹשֶׁלְ׳","שלשלתא","","false"
"X6 abbreviated alt (ends ׳)","U01402","alt","שִׁישֶׁ׳","שלשלתא","","false"
"X6 abbreviated alt (ends ׳)","U01432","alt","שָׁמוּ׳","שמוטא-2","","false"
"X6 abbreviated alt (ends ׳)","U01438","alt","שְׁמוֹ׳","שמועא-1","","false"
"X6 abbreviated alt (ends ׳)","U01459","alt","שְׁמִיטּ׳","שמטתא","","false"
"X6 abbreviated alt (ends ׳)","U01495","alt","שְׁ׳","שממי","","false"
"X6 abbreviated alt (ends ׳)","U01498","alt","שְׁמֵי׳","שמן-3","","false"
"X6 abbreviated alt (ends ׳)","U01502","alt","שְׁמֵי׳","שמנא","","false"
"X6 abbreviated alt (ends ׳)","U01504","alt","שְׁמוֹ׳","שמנה-2","","false"
"X6 abbreviated alt (ends ׳)","U01522","alt","שִׁימְ׳","שמצא","","false"
"X6 abbreviated alt (ends ׳)","U01523","alt","שִׁי׳","שמצה","","false"
"X6 abbreviated alt (ends ׳)","U01531","alt","שׁוֹ׳","שמרון-2","","false"
"X6 abbreviated alt (ends ׳)","U01543","alt","שִׁי׳","שמשא-1","","false"
"X6 abbreviated alt (ends ׳)","U01557","alt","שִׁי׳","שן-2","","false"
"X6 abbreviated alt (ends ׳)","U01609","alt","שִׁי׳","שנצא","","false"
"X6 abbreviated alt (ends ׳)","U01630","alt","שִׁי׳","שעבוד-1","","false"
"X6 abbreviated alt (ends ׳)","U01631","alt","שִׁי׳","שעבוד-2","","false"
"X6 abbreviated alt (ends ׳)","U01667","alt","שִׁי׳","שעמום-1","","false"
"X6 abbreviated alt (ends ׳)","U01668","alt","שִׁי׳","שעמום-2","","false"
"X6 abbreviated alt (ends ׳)","U01670","alt","שַׁעֲמִי׳","שעמומיתא","","false"
"X6 abbreviated alt (ends ׳)","U01684","alt","שֵׂי׳","שער-6","","false"
"X6 abbreviated alt (ends ׳)","U01705","alt","שִׁי׳","שפא-4","","false"
"X6 abbreviated alt (ends ׳)","U01776","alt","שְׁפֵי׳","שפלה-1","","false"
"X6 abbreviated alt (ends ׳)","U01780","alt","שְׁפֵלְ׳","שפלתא","","false"
"X6 abbreviated alt (ends ׳)","U01780","alt","שְׁפֵילְ׳","שפלתא","","false"
"X6 abbreviated alt (ends ׳)","U01782","alt","סְ׳","שפם-2","","false"
"X6 abbreviated alt (ends ׳)","U01806","alt","שְׁפַרְפְּ׳","שפרפרא","","false"
"X6 abbreviated alt (ends ׳)","U01813","alt","שִׂי׳","שפתא","","false"
"X6 abbreviated alt (ends ׳)","U01853","alt","שָׁ׳","שקיא-1","","false"
"X6 abbreviated alt (ends ׳)","U01854","alt","שַׁ׳","שקיא-2","","false"
"X6 abbreviated alt (ends ׳)","U01862","alt","שִׁיקְ׳","שקיינא","","false"
"X6 abbreviated alt (ends ׳)","U01873","alt","שִׁי׳","שקמא","","false"
"X6 abbreviated alt (ends ׳)","U01874","alt","שִׁי׳","שקמה","","false"
"X6 abbreviated alt (ends ׳)","U01883","alt","שָׁ׳","שקפא-1","","false"
"X6 abbreviated alt (ends ׳)","U01883","alt","שִׁי׳","שקפא-1","","false"
"X6 abbreviated alt (ends ׳)","U01888","alt","שִׁי׳","שקצא","","false"
"X6 abbreviated alt (ends ׳)","U01897","alt","שִׁי׳","שקר-6","","false"
"X6 abbreviated alt (ends ׳)","U01925","alt","שִׂי׳","שרגא-1","","false"
"X6 abbreviated alt (ends ׳)","U01954","alt","שֵׂי׳","שרטון","","false"
"X6 abbreviated alt (ends ׳)","U01967","alt","שִׁי׳","שריון","","false"
"X6 abbreviated alt (ends ׳)","U01971","alt","שַּׁ׳","שריי-1","","false"
"X6 abbreviated alt (ends ׳)","U01975","alt","שִׁירְ׳","שריין","","false"
"X6 abbreviated alt (ends ׳)","U01975","alt","סִרְ׳","שריין","","false"
"X6 abbreviated alt (ends ׳)","U01987","alt","שְׁ׳","שריר","","false"
"X6 abbreviated alt (ends ׳)","U01993","alt","שְׁ׳","שרכא-2","","false"
"X6 abbreviated alt (ends ׳)","U01994","alt","שַׁרְכְּ׳","שרכפא","","false"
"X6 abbreviated alt (ends ׳)","U02014","alt","שְׂרֵי׳","שרפה","","false"
"X6 abbreviated alt (ends ׳)","U02087","alt","שְׁתּ׳","שתותא","","false"
"X6 abbreviated alt (ends ׳)","U02089","alt","שְׁתַּ׳","שתחויה","","false"
"X6 abbreviated alt (ends ׳)","U02096","alt","שִׁי׳","שתיא-1","","false"
"X6 abbreviated alt (ends ׳)","V00014","alt","תִּי׳","תאובתא","","false"
"X6 abbreviated alt (ends ׳)","V00027","alt","תְּאֵי׳","תאנה","","false"
"X6 abbreviated alt (ends ׳)","V00029","alt","תְּאֵינְ׳","תאנתא","","false"
"X6 abbreviated alt (ends ׳)","V00056","alt","תִּ׳","תבלא-2","","false"
"X6 abbreviated alt (ends ׳)","V00059","alt","תִּי׳","תבללא","","false"
"X6 abbreviated alt (ends ׳)","V00065","alt","תִּי׳","תבנא","","false"
"X6 abbreviated alt (ends ׳)","V00082","alt","תִּיגָּ׳","תגארא","","false"
"X6 abbreviated alt (ends ׳)","V00083","alt","תִּי׳","תגדא","","false"
"X6 abbreviated alt (ends ׳)","V00092","alt","תִּי׳","תגרא-1","","false"
"X6 abbreviated alt (ends ׳)","V00093","alt","תִּי׳","תגרא-2","","false"
"X6 abbreviated alt (ends ׳)","V00094","alt","תִּי׳","תגרא-3","","false"
"X6 abbreviated alt (ends ׳)","V00098","alt","תִּ׳","תגרותא","","false"
"X6 abbreviated alt (ends ׳)","V00098","alt","תִּי׳","תגרותא","","false"
"X6 abbreviated alt (ends ׳)","V00100","alt","תִּי׳","תגרנא","","false"
"X6 abbreviated alt (ends ׳)","V00101","alt","תִּי׳","תגרתא","","false"
"X6 abbreviated alt (ends ׳)","V00129","alt","תַּהֲפוּ׳","תהפוכתא","","false"
"X6 abbreviated alt (ends ׳)","V00164","alt","תִּוְו׳","תוהא","","false"
"X6 abbreviated alt (ends ׳)","V00164","alt","תִּיוְ׳","תוהא","","false"
"X6 abbreviated alt (ends ׳)","V00167","alt","תַּוְו׳","תוהות","","false"
"X6 abbreviated alt (ends ׳)","V00168","alt","תַּוְו׳","תוהותא","","false"
"X6 abbreviated alt (ends ׳)","V00184","alt","תַּחְ׳","תוחלא","","false"
"X6 abbreviated alt (ends ׳)","V00203","alt","תּוֹכֵי׳","תוכחה-2","","false"
"X6 abbreviated alt (ends ׳)","V00214","alt","תּוֹלְ׳","תולדתא","","false"
"X6 abbreviated alt (ends ׳)","V00218","alt","תֻּלְ׳","תולעבא","","false"
"X6 abbreviated alt (ends ׳)","V00277","alt","תַּוָּו׳","תורא-2","","false"
"X6 abbreviated alt (ends ׳)","V00305","alt","תָּרְ׳","תורנא","","false"
"X6 abbreviated alt (ends ׳)","V00314","alt","תּוּ׳","תורפא-2","","false"
"X6 abbreviated alt (ends ׳)","V00327","alt","תִּשְׁ׳","תושבחה","","false"
"X6 abbreviated alt (ends ׳)","V00328","alt","תֻּשְׁ׳","תושבחתא","","false"
"X6 abbreviated alt (ends ׳)","V00380","alt","תְּחִי׳","תחנה","","false"
"X6 abbreviated alt (ends ׳)","V00400","alt","תֵּאָ׳","תיאבון","","false"
"X6 abbreviated alt (ends ׳)","V00410","alt","תִּבּ׳","תיבורא","","false"
"X6 abbreviated alt (ends ׳)","V00411","alt","תֵּיבוֹ׳","תיבותא-1","","false"
"X6 abbreviated alt (ends ׳)","V00411","alt","תֵּב׳","תיבותא-1","","false"
"X6 abbreviated alt (ends ׳)","V00427","alt","תְּיוּ׳","תיומא","","false"
"X6 abbreviated alt (ends ׳)","V00431","alt","תִּח׳","תיחוח","","false"
"X6 abbreviated alt (ends ׳)","V00456","alt","תִּמְ׳","תימה","","false"
"X6 abbreviated alt (ends ׳)","V00459","alt","תִּימּ׳","תימור","","false"
"X6 abbreviated alt (ends ׳)","V00470","alt","תִּנּ׳","תינוק","","false"
"X6 abbreviated alt (ends ׳)","V00472","alt","תִּנְ׳","תינחא","","false"
"X6 abbreviated alt (ends ׳)","V00472","alt","תְּנַח׳","תינחא","","false"
"X6 abbreviated alt (ends ׳)","V00473","alt","תִּינְיָנ׳","תיניין","","false"
"X6 abbreviated alt (ends ׳)","V00489","alt","תִּקּ׳","תיקונא","","false"
"X6 abbreviated alt (ends ׳)","V00501","alt","תִּר׳","תירוכין","","false"
"X6 abbreviated alt (ends ׳)","V00511","alt","תִּרְ׳","תירייקא","","false"
"X6 abbreviated alt (ends ׳)","V00516","alt","תֵּי׳","תישא","","false"
"X6 abbreviated alt (ends ׳)","V00516","alt","תְּיָי׳","תישא","","false"
"X6 abbreviated alt (ends ׳)","V00521","alt","תִּי׳","תכא-1","","false"
"X6 abbreviated alt (ends ׳)","V00526","alt","תּוּכְ׳","תכברא","","false"
"X6 abbreviated alt (ends ׳)","V00541","alt","תִּי׳","תכל-4","","false"
"X6 abbreviated alt (ends ׳)","V00542","alt","תִּי׳","תכלא-1","","false"
"X6 abbreviated alt (ends ׳)","V00545","alt","תִּי׳","תכלו","","false"
"X6 abbreviated alt (ends ׳)","V00548","alt","תְּכֶילְ׳","תכלתא","","false"
"X6 abbreviated alt (ends ׳)","V00564","alt","תִּי׳","תל-2","","false"
"X6 abbreviated alt (ends ׳)","V00579","alt","תִּי׳","תלול","","false"
"X6 abbreviated alt (ends ׳)","V00585","alt","תִּי׳","תלחא","","false"
"X6 abbreviated alt (ends ׳)","V00627","alt","תִּילְ׳","תלתא","","false"
"X6 abbreviated alt (ends ׳)","V00629","alt","תִּילְ׳","תלתול","","false"
"X6 abbreviated alt (ends ׳)","V00632","alt","תַּלְת׳","תלתותא-1","","false"
"X6 abbreviated alt (ends ׳)","V00632","alt","תִּלְ׳","תלתותא-1","","false"
"X6 abbreviated alt (ends ׳)","V00632","alt","תִּילְ׳","תלתותא-1","","false"
"X6 abbreviated alt (ends ׳)","V00640","alt","תִּילְ׳","תלתן","","false"
"X6 abbreviated alt (ends ׳)","V00653","alt","תַּמְ׳","תמה-3","","false"
"X6 abbreviated alt (ends ׳)","V00654","alt","תִּימָּ׳","תמהון","","false"
"X6 abbreviated alt (ends ׳)","V00691","alt","תִּימַ׳","תמליוס","","false"
"X6 abbreviated alt (ends ׳)","V00706","alt","תּוּמְ׳","תמר-4","","false"
"X6 abbreviated alt (ends ׳)","V00708","alt","תִּי׳","תמרה-2","","false"
"X6 abbreviated alt (ends ׳)","V00714","alt","תּוּמַ׳","תמרתא","","false"
"X6 abbreviated alt (ends ׳)","V00740","alt","תַּנְחֻמְ׳","תנחומתא","","false"
"X6 abbreviated alt (ends ׳)","V00745","alt","תִּנְיָ׳","תניין","","false"
"X6 abbreviated alt (ends ׳)","V00745","alt","תִּינְ׳","תניין","","false"
"X6 abbreviated alt (ends ׳)","V00746","alt","תִּנְיָ׳","תניינות","","false"
"X6 abbreviated alt (ends ׳)","V00746","alt","תִּי׳","תניינות","","false"
"X6 abbreviated alt (ends ׳)","V00756","alt","תִּיסְ׳","תסבר","","false"
"X6 abbreviated alt (ends ׳)","V00757","alt","תִּיסְ׳","תסברא-1","","false"
"X6 abbreviated alt (ends ׳)","V00757","alt","תּוּסְ׳","תסברא-1","","false"
"X6 abbreviated alt (ends ׳)","V00759","alt","תִּסְוָו׳","תסברית","","false"
"X6 abbreviated alt (ends ׳)","V00759","alt","תִּי׳","תסברית","","false"
"X6 abbreviated alt (ends ׳)","V00759","alt","תּוּ׳","תסברית","","false"
"X6 abbreviated alt (ends ׳)","V00760","alt","תִּסְוַו׳","תסברתא","","false"
"X6 abbreviated alt (ends ׳)","V00768","alt","תִּסְפָּר׳","תספורתא","","false"
"X6 abbreviated alt (ends ׳)","V00769","alt","תִּסְ׳","תסקופא","","false"
"X6 abbreviated alt (ends ׳)","V00818","alt","תִּי׳","תפי-4","","false"
"X6 abbreviated alt (ends ׳)","V00830","alt","תִּי׳","תפלה-1","","false"
"X6 abbreviated alt (ends ׳)","V00831","alt","תְּפִי׳","תפלה-2","","false"
"X6 abbreviated alt (ends ׳)","V00832","alt","תְּפִי׳","תפלה-3","","false"
"X6 abbreviated alt (ends ׳)","V00834","alt","תִּי׳","תפלות","","false"
"X6 abbreviated alt (ends ׳)","V00835","alt","תְּפִי׳","תפלי","","false"
"X6 abbreviated alt (ends ׳)","V00836","alt","תְּפִי׳","תפלין","","false"
"X6 abbreviated alt (ends ׳)","V00852","alt","תַּפְקִדְ׳","תפקידתא","","false"
"X6 abbreviated alt (ends ׳)","V00852","alt","תַּפְקֶדְ׳","תפקידתא","","false"
"X6 abbreviated alt (ends ׳)","V00857","alt","תִּפְ׳","תפרא","","false"
"X6 abbreviated alt (ends ׳)","V00868","alt","תִּיקּ׳","תקולא","","false"
"X6 abbreviated alt (ends ׳)","V00893","alt","תִּי׳","תקלא-1","","false"
"X6 abbreviated alt (ends ׳)","V00894","alt","תּוּקְ׳","תקלא-2","","false"
"X6 abbreviated alt (ends ׳)","V00894","alt","תִּי׳","תקלא-2","","false"
"X6 abbreviated alt (ends ׳)","V00915","alt","תִּיקְ׳","תקרובתא","","false"
"X6 abbreviated alt (ends ׳)","V00943","alt","תִּירְ׳","תרגם-1","","false"
"X6 abbreviated alt (ends ׳)","V00973","alt","תִּי׳","תרטא","","false"
"X6 abbreviated alt (ends ׳)","V00996","alt","תְּרֵסִ׳","תריסיות","","false"
"X6 abbreviated alt (ends ׳)","V01015","alt","תּוּרְ׳","תרמיל","","false"
"X6 abbreviated alt (ends ׳)","V01016","alt","תּוּרְ׳","תרמילא","","false"
"X6 abbreviated alt (ends ׳)","V01042","alt","תִּירְ׳","תרעתא","","false"
"X6 abbreviated alt (ends ׳)","V01042","alt","תּוּרְ׳","תרעתא","","false"
"X7 abbreviation headword (׳/״)","A00006","headword","א׳","א׳","","false"
"X7 abbreviation headword (׳/״)","A00010","headword","אאלר״ן","אאלר״ן","","false"
"X7 abbreviation headword (׳/״)","A00409","headword","אד״ך","אד״ך","","false"
"X7 abbreviation headword (׳/״)","A01042","headword","אח״ס","אח״ס","","false"
"X7 abbreviation headword (׳/״)","A01065","headword","א״ט","א״ט","","false"
"X7 abbreviation headword (׳/״)","A01065","alt","אטב״ח","א״ט","","false"
"X7 abbreviation headword (׳/״)","A01069","headword","אט״בח","אט״בח","","false"
"X7 abbreviation headword (׳/״)","A01764","headword","א״ל","א״ל","","false"
"X7 abbreviation headword (׳/״)","A01764","alt","אלב״ם","א״ל","","false"
"X7 abbreviation headword (׳/״)","A01935","headword","אל״ף","אל״ף","","false"
"X7 abbreviation headword (׳/״)","A01936","headword","אלפ״א","אלפ״א","","false"
"X7 abbreviation headword (׳/״)","A02161","headword","אנטג׳","אנטג׳","","false"
"X7 abbreviation headword (׳/״)","A02411","headword","אסטרטטי׳","אסטרטטי׳","","false"
"X7 abbreviation headword (׳/״)","A03391","headword","א״ת","א״ת","","false"
"X7 abbreviation headword (׳/״)","B00002","headword","ב׳","ב׳","","false"
"X7 abbreviation headword (׳/״)","B00398","headword","בושׂר׳","בושר׳","","false"
"X7 abbreviation headword (׳/״)","B00751","headword","בי״ת","בי״ת","","false"
"X7 abbreviation headword (׳/״)","B00757","headword","בי״תא","בי״תא","","false"
"X7 abbreviation headword (׳/״)","B00974","headword","בס״גר","בס״גר","","false"
"X7 abbreviation headword (׳/״)","B00983","headword","בסיג׳","בסיג׳","","false"
"X7 abbreviation headword (׳/״)","C00002","headword","ג׳","ג׳","","false"
"X7 abbreviation headword (׳/״)","C00618","headword","גיבס׳","גיבס׳","","false"
"X7 abbreviation headword (׳/״)","C00737","headword","גילשל׳","גילשל׳","","false"
"X7 abbreviation headword (׳/״)","C00743","headword","גימ״ל","גימ״ל","","false"
"X7 abbreviation headword (׳/״)","C01036","headword","גמ״ל","גמ״ל","","false"
"X7 abbreviation headword (׳/״)","C01224","headword","ג״ר","ג״ר","","false"
"X7 abbreviation headword (׳/״)","D00001","headword","ד׳","ד׳","","false"
"X7 abbreviation headword (׳/״)","D00791","headword","דכ״ץ","דכ״ץ","","false"
"X7 abbreviation headword (׳/״)","D00810","headword","דל״ה","דל״ה","","false"
"X7 abbreviation headword (׳/״)","D00826","headword","דִּלָט׳","דלט׳","","false"
"X7 abbreviation headword (׳/״)","D00863","headword","דל״ת","דל״ת","","false"
"X7 abbreviation headword (׳/״)","D00957","headword","דפוסיו׳","דפוסיו׳","","false"
"X7 abbreviation headword (׳/״)","D00963","headword","דפליסט׳","דפליסט׳","","false"
"X7 abbreviation headword (׳/״)","D00983","headword","דצ״ך","דצ״ך","","false"
"X7 abbreviation headword (׳/״)","E00001","headword","ה׳","ה׳","","false"
"X7 abbreviation headword (׳/״)","E00004","headword","ה״א","ה״א","","false"
"X7 abbreviation headword (׳/״)","E00004","alt","ה״י","ה״א","","false"
"X7 abbreviation headword (׳/״)","E00141","headword","הדסט״ב","הדסט״ב","","false"
"X7 abbreviation headword (׳/״)","E00197","headword","הוגנוס׳","הוגנוס׳","","false"
"X7 abbreviation headword (׳/״)","E00295","headword","הז״יו","הז״יו","","false"
"X7 abbreviation headword (׳/״)","E00326","headword","ה״י","ה״י","","false"
"X7 abbreviation headword (׳/״)","E00433","headword","הימני׳","הימני׳","","false"
"X7 abbreviation headword (׳/״)","E00842","headword","הרוגיינ׳","הרוגיינ׳","","false"
"X7 abbreviation headword (׳/״)","E00856","headword","הַרְטָבָה׳","הרטבה׳","","false"
"X7 abbreviation headword (׳/״)","F00001","headword","ו׳","ו׳","","false"
"X7 abbreviation headword (׳/״)","F00004","headword","וא״ו","וא״ו","","false"
"X7 abbreviation headword (׳/״)","F00004","alt","וי״ו","וא״ו","","false"
"X7 abbreviation headword (׳/״)","F00004","alt","ו״ו","וא״ו","","false"
"X7 abbreviation headword (׳/״)","G00007","headword","ז״ב","ז״ב","","false"
"X7 abbreviation headword (׳/״)","G00338","headword","זַיִ״ין","זי״ין","","false"
"X7 abbreviation headword (׳/״)","G00401","headword","זִיפְתּ׳","זיפת׳","","false"
"X7 abbreviation headword (׳/״)","H00001","headword","ח׳","ח׳","","false"
"X7 abbreviation headword (׳/״)","H00897","headword","חי״ת","חי״ת","","false"
"X7 abbreviation headword (׳/״)","I00001","headword","ט׳","ט׳","","false"
"X7 abbreviation headword (׳/״)","I00458","headword","טי״ת","טי״ת","","false"
"X7 abbreviation headword (׳/״)","J00001","headword","י׳","י׳","","false"
"X7 abbreviation headword (׳/״)","J00083","headword","יגי״ל","יגי״ל","","false"
"X7 abbreviation headword (׳/״)","J00087","headword","יג״ל","יג״ל","","false"
"X7 abbreviation headword (׳/״)","J00158","headword","יו״ד","יו״ד","","false"
"X7 abbreviation headword (׳/״)","J00318","headword","יט״ת","יט״ת","","false"
"X7 abbreviation headword (׳/״)","K00001","headword","כ׳","כ׳","","false"
"X7 abbreviation headword (׳/״)","K00302","headword","כונדת׳","כונדת׳","","false"
"X7 abbreviation headword (׳/״)","K00473","alt","כ״י","כי-1","","false"
"X7 abbreviation headword (׳/״)","K00977","headword","כ״ף","כ״ף","","false"
"X7 abbreviation headword (׳/״)","L00001","headword","ל׳","ל׳","","false"
"X7 abbreviation headword (׳/״)","L00564","headword","למ״ד","למ״ד","","false"
"X7 abbreviation headword (׳/״)","L00607","headword","לע״ט","לע״ט","","false"
"X7 abbreviation headword (׳/״)","M00001","headword","מ׳","מ׳","","false"
"X7 abbreviation headword (׳/״)","M00914","headword","מחפ״ז","מחפ״ז","","false"
"X7 abbreviation headword (׳/״)","M01200","headword","מ״ים","מ״ים","","false"
"X7 abbreviation headword (׳/״)","M01490","headword","מל״ה","מל״ה","","false"
"X7 abbreviation headword (׳/״)","M01644","headword","מ״ם","מ״ם","","false"
"X7 abbreviation headword (׳/״)","M01690","headword","ממתו״ס","ממתו״ס","","false"
"X7 abbreviation headword (׳/״)","M01810","headword","מַנְצְפַ״ךְ","מנצפ״ך","","false"
"X7 abbreviation headword (׳/״)","M02383","headword","מקד״ש","מקד״ש","","false"
"X7 abbreviation headword (׳/״)","N00002","headword","נ׳","נ׳","","false"
"X7 abbreviation headword (׳/״)","N00378","headword","נו״ן","נו״ן","","false"
"X7 abbreviation headword (׳/״)","N00665","headword","ניכו׳","ניכו׳","","false"
"X7 abbreviation headword (׳/״)","N00910","headword","ננקפ״י","ננקפ״י","","false"
"X7 abbreviation headword (׳/״)","N01391","headword","נת״ר","נת״ר","","false"
"X7 abbreviation headword (׳/״)","O00001","headword","ס׳","ס׳","","false"
"X7 abbreviation headword (׳/״)","O00671","headword","סִילסוּל׳","סילסול׳","","false"
"X7 abbreviation headword (׳/״)","O00672","headword","סילק׳","סילק׳","","false"
"X7 abbreviation headword (׳/״)","O01096","headword","סמ״ך","סמ״ך","","false"
"X7 abbreviation headword (׳/״)","P00001","headword","ע׳","ע׳","","false"
"X7 abbreviation headword (׳/״)","P00169","headword","עד״ש","עד״ש","","false"
"X7 abbreviation headword (׳/״)","P00548","headword","עיי״ן","עיי״ן","","false"
"X7 abbreviation headword (׳/״)","P00548","alt","עי״ן","עיי״ן","","false"
"X7 abbreviation headword (׳/״)","P00600","headword","עי״ן","עי״ן","","false"
"X7 abbreviation headword (׳/״)","P00731","headword","עכ״ום","עכ״ום","","false"
"X7 abbreviation headword (׳/״)","P01521","alt","עַ׳קַרְנַיִם","עשתרות","","false"
"X7 abbreviation headword (׳/״)","Q00001","headword","פ׳","פ׳","","false"
"X7 abbreviation headword (׳/״)","Q00002","headword","פ״א","פ״א","","false"
"X7 abbreviation headword (׳/״)","Q00141","headword","פ״ה","פ״ה","","false"
"X7 abbreviation headword (׳/״)","Q00141","alt","פ״א","פ״ה","","false"
"X7 abbreviation headword (׳/״)","Q00141","alt","פ״י","פ״ה","","false"
"X7 abbreviation headword (׳/״)","Q00147","alt","פה״י","פהי-2","","false"
"X7 abbreviation headword (׳/״)","Q00157","headword","פ״וגחמ״ט","פ״וגחמ״ט","","false"
"X7 abbreviation headword (׳/״)","Q00385","headword","פורפר׳","פורפר׳","","false"
"X7 abbreviation headword (׳/״)","Q00436","headword","פז״ר","פז״ר","","false"
"X7 abbreviation headword (׳/״)","Q00459","headword","פח״ז","פח״ז","","false"
"X7 abbreviation headword (׳/״)","Q01625","headword","פרודי׳","פרודי׳","","false"
"X7 abbreviation headword (׳/״)","Q01633","headword","פרווטי׳","פרווטי׳","","false"
"X7 abbreviation headword (׳/״)","Q01858","headword","פרכיי׳","פרכיי׳","","false"
"X7 abbreviation headword (׳/״)","R00001","headword","צ׳","צ׳","","false"
"X7 abbreviation headword (׳/״)","R00099","headword","צד״י","צד״י","","false"
"X7 abbreviation headword (׳/״)","S00001","headword","ק׳","ק׳","","false"
"X7 abbreviation headword (׳/״)","S00240","headword","קובעתי׳","קובעתי׳","","false"
"X7 abbreviation headword (׳/״)","S00269","headword","קוורנוט׳","קוורנוט׳","","false"
"X7 abbreviation headword (׳/״)","S00462","headword","קוּסְטַאנְטִינ׳","קוסטאנטינ׳","","false"
"X7 abbreviation headword (׳/״)","S00463","headword","קוסטברי׳","קוסטברי׳","","false"
"X7 abbreviation headword (׳/״)","S00487","headword","קו״ף","קו״ף","","false"
"X7 abbreviation headword (׳/״)","S00958","headword","קילווני׳","קילווני׳","","false"
"X7 abbreviation headword (׳/״)","S01151","headword","קיר׳","קיר׳","","false"
"X7 abbreviation headword (׳/״)","T00001","headword","ר׳","ר׳","","false"
"X7 abbreviation headword (׳/״)","T00237","headword","רד״ו","רד״ו","","false"
"X7 abbreviation headword (׳/״)","T00717","headword","ריִ״ש","רי״ש","","false"
"X7 abbreviation headword (׳/״)","T00804","headword","רמ״ח","רמ״ח","","false"
"X7 abbreviation headword (׳/״)","T00840","headword","רמ״ת","רמ״ת","","false"
"X7 abbreviation headword (׳/״)","U00001","headword","ש׳","ש׳","","false"
"X7 abbreviation headword (׳/״)","U00967","headword","שי״ן","שי״ן","","false"
"X7 abbreviation headword (׳/״)","U01593","headword","שניו׳","שניו׳","","false"
"X7 abbreviation headword (׳/״)","U01614","headword","ש״ס","ש״ס","","false"
"X7 abbreviation headword (׳/״)","U01626","headword","שׁע׳","שע׳","","false"
"X7 abbreviation headword (׳/״)","U01649","headword","שעטנ״ז","שעטנ״ז","","false"
"X7 abbreviation headword (׳/״)","V00001","headword","ת׳","ת׳","","false"
"X7 abbreviation headword (׳/״)","V00024","headword","תאל״ס","תאל״ס","","false"
"X7 abbreviation headword (׳/״)","V00042","headword","תבט״ש","תבט״ש","","false"
"X7 abbreviation headword (׳/״)","V00077","headword","תבש״ט","תבש״ט","","false"
"X7 abbreviation headword (׳/״)","V00107","headword","תדיי׳","תדיי׳","","false"
"X7 abbreviation headword (׳/״)","V00154","headword","תוגייל׳","תוגייל׳","","false"
"X7 abbreviation headword (׳/״)","V00228","headword","תומיי׳","תומיי׳","","false"
"X7 abbreviation headword (׳/״)","V00841","headword","תפני׳","תפני׳","","false"
"X7 abbreviation headword (׳/״)","V00983","headword","תרי״ג","תרי״ג","","false"
"X8 homograph numbering gap","A00279","headword","אֲגוֹרָא","אגורא-2","missing 1; 0 unnumbered: A00279=2","false"
"X8 homograph numbering gap","A00312","headword","אַגְמָא","אגמא-3","missing 1; 1 unnumbered: A00311=—; A00312=2","false"
"X8 homograph numbering gap","A00719","headword","אֲוָנָא","אונא-1","missing 1; 0 unnumbered: A00719=2","false"
"X8 homograph numbering gap","A00880","headword","אוֹרְיָא","אוריא-5","missing 1,2; 3 unnumbered: A00877=—; A00878=—; A00879=—; A00880/alt=3","false"
"X8 homograph numbering gap","A00890","headword","אוֹרְיָין","אוריין-2","missing 1; 1 unnumbered: A00889=—; A00890=2","false"
"X8 homograph numbering gap","A01311","headword","אִילְפָא","אילפא-2","missing 1; 0 unnumbered: A01311=2","false"
"X8 homograph numbering gap","A01320","headword","אִימָּא","אימא-3","missing 1; 0 unnumbered: A01320=2; A01321=3","false"
"X8 homograph numbering gap","A01335","headword","אֵימוּרִים","אימורים-2","missing 1; 0 unnumbered: A01335/alt=2","false"
"X8 homograph numbering gap","A01420","headword","אִיסְטְוָוא","איסטווא-2","missing 1; 1 unnumbered: A01411/alt=—; A01420=2","false"
"X8 homograph numbering gap","A01698","headword","אֲכַל","אכל-3","missing 1; 1 unnumbered: A01697=—; A01698=2","false"
"X8 homograph numbering gap","A01735","headword","אַכְסָן","אכסן-3","missing 1; 1 unnumbered: A01734=—; A01735=2","false"
"X8 homograph numbering gap","A01965","headword","אֲמָא","אמא-4","missing 1; 0 unnumbered: A01965=2","false"
"X8 homograph numbering gap","A02042","headword","אֲמָנָה","אמנה-2","missing 1; 1 unnumbered: A02041=—; A02042=2","false"
"X8 homograph numbering gap","A02348","headword","אִסְטַבְלָא","אסטבלא","missing 1; 9 unnumbered: A01411/alt=—; A01423/alt=—; A01453/alt=—; A02348/alt=2; A02402/alt=—; A02403/alt=—; A02422/alt=—; A02423/alt=—; A02871/alt=—; A02872/alt=—","false"
"X8 homograph numbering gap","A02363","headword","אִסְטוֹמְכָא","אסטומכא-2","missing 1; 1 unnumbered: A02362=—; A02363=2","false"
"X8 homograph numbering gap","A02413","headword","אִסְטְרַטְיָא","אסטרטיא-2","missing 1; 1 unnumbered: A02412=—; A02413=2","false"
"X8 homograph numbering gap","A02824","headword","אַפְרִיקִי","אפריקי-2","missing 1; 1 unnumbered: A02823=—; A02824=2","false"
"X8 homograph numbering gap","A03217","headword","אָרַע","ארע-3","missing 1; 1 unnumbered: A03215=—; A03217=2","false"
"X8 homograph numbering gap","B00050","headword","בָּב","בב-2","missing 1; 1 unnumbered: B00049=—; B00050=2","false"
"X8 homograph numbering gap","B00382","headword","בּוּרְסִי","בורסי-1","missing 1; 0 unnumbered: B00382=2; B00383=2","false"
"X8 homograph numbering gap","B00538","headword","בִּיאָה","ביאה","missing 1; 1 unnumbered: B00537/alt=—; B00538=2","false"
"X8 homograph numbering gap","B00560","headword","בִּיזָּא","ביזא-1","missing 2; 1 unnumbered: B00560=1; B00561=—; B00562=3","false"
"X8 homograph numbering gap","B00561","headword","בִּיזָּא","ביזא-2","missing 1; 3 unnumbered: B00408=—; B00437=—; B00560/alt=—; B00561/alt=2","false"
"X8 homograph numbering gap","B00936","headword","בַּנַּאי","בנאי-2","missing 1; 1 unnumbered: B00935=—; B00936=2","false"
"X8 homograph numbering gap","B01159","headword","בְּרָא","ברא-3","missing 1; 2 unnumbered: B01154/alt=—; B01159=2; B01237/alt=—","false"
"X8 homograph numbering gap","C00177","headword","גְּדוּדִית","גדודית-2","missing 1; 1 unnumbered: C00176=—; C00177=2","false"
"X8 homograph numbering gap","C00578","headword","גִּזְרָא","גזרא-2","missing 1; 2 unnumbered: C00577/alt=—; C00578/alt=2; C00686=—","false"
"X8 homograph numbering gap","C00610","headword","גִּיב","גיב-2","missing 1; 1 unnumbered: C00609=—; C00610=2","false"
"X8 homograph numbering gap","C00620","headword","גִּיבָּרָא","גיברא","missing 1; 0 unnumbered: C00620/alt=2","false"
"X8 homograph numbering gap","C00650","headword","גִּיהָא","גיהא-2","missing 1; 0 unnumbered: C00650=2","false"
"X8 homograph numbering gap","C00773","headword","גִּיס","גיס-2","missing 1; 0 unnumbered: C00773=2; C00774=2","false"
"X8 homograph numbering gap","C01130","headword","גְּנַה","גנה-4","missing 1; 0 unnumbered: C01130=2","false"
"X8 homograph numbering gap","C01235","headword","גָּרָב","גרב-6","missing 1; 0 unnumbered: C01235/alt=2","false"
"X8 homograph numbering gap","C01377","headword","גִּרְסָא","גרסא-2","missing 1; 5 unnumbered: C01277/alt=—; C01278/alt=—; C01284/alt=—; C01362/alt=—; C01367/alt=—; C01377/alt=2","false"
"X8 homograph numbering gap","D00443","headword","דִּי","די-2","missing 1; 2 unnumbered: D00002/alt=—; D00442=—; D00443=2","false"
"X8 homograph numbering gap","D00501","headword","דִּיוֹ","דיו-3","missing 1; 0 unnumbered: D00501=2","false"
"X8 homograph numbering gap","E00008","headword","הִא","הא-4","missing 1,2; 0 unnumbered: E00008=3","false"
"X8 homograph numbering gap","E00114","headword","הֲדָיָא","הדיא-2","missing 1; 0 unnumbered: E00114=2","false"
"X8 homograph numbering gap","E00697","headword","הֶסֵּבָּה","הסבה-2","missing 1; 1 unnumbered: E00696=—; E00697=2","false"
"X8 homograph numbering gap","E00802","headword","הֲקָצָה","הקצה-2","missing 1; 0 unnumbered: E00802=2","false"
"X8 homograph numbering gap","E00837","headword","הרְהוּן","הרהון-2","missing 1; 0 unnumbered: E00837=2","false"
"X8 homograph numbering gap","G00527","headword","זְמַם","זמם-2","missing 2; 2 unnumbered: G00527=1; G00529=—; G00531=3; G00534=—","false"
"X8 homograph numbering gap","G00550","headword","זִמְרָא","זמרא-4","missing 1; 1 unnumbered: G00538/alt=—; G00550/alt=2","false"
"X8 homograph numbering gap","H00067","headword","חֲבִילָא","חבילא-2","missing 1; 0 unnumbered: H00067=2","false"
"X8 homograph numbering gap","H00209","headword","חִדְקָא","חדקא-2","missing 1; 4 unnumbered: H00209/alt=2; H00367/alt=—; H01339/alt=2; H01340/alt=3; H01415/alt=—; H01424/alt=—; H01425/alt=—","false"
"X8 homograph numbering gap","H00321","headword","חוּל","חול-3","missing 1; 3 unnumbered: H00319=—; H00320=—; H00321=2; H00322=—","false"
"X8 homograph numbering gap","H00433","headword","חוּצָה","חוצה-2","missing 1; 1 unnumbered: H00432=—; H00433=2","false"
"X8 homograph numbering gap","H00615","headword","חטי","חטי-3","missing 1; 2 unnumbered: H00579=—; H00613/alt=—; H00615/alt=2","false"
"X8 homograph numbering gap","H00749","headword","חַיְּיתָא","חייתא-3","missing 1,2; 1 unnumbered: H00749=3; H00750=—","false"
"X8 homograph numbering gap","H00750","headword","חַיְּיתָא","חייתא-4","missing 1,2,3; 1 unnumbered: H00750/alt=4; H00898/alt=—","false"
"X8 homograph numbering gap","H00833","headword","חִיסּוּם","חיסום-2","missing 1; 3 unnumbered: H00830/alt=—; H00831/alt=—; H00833/alt=2; H00834/alt=—","false"
"X8 homograph numbering gap","H01089","headword","חֲלָמָה","חלמה-1","missing 1; 0 unnumbered: H01089=2","false"
"X8 homograph numbering gap","H01101","headword","חֵלֶף","חלף-4","missing 1; 1 unnumbered: H00780/alt=—; H01101=2","false"
"X8 homograph numbering gap","H01222","headword","חֲמַר","חמר-5","missing 1,2; 2 unnumbered: H01219=—; H01221=—; H01222=3","false"
"X8 homograph numbering gap","H01291","headword","חַנִּין","חנין-2","missing 1; 1 unnumbered: H01290=—; H01291=2","false"
"X8 homograph numbering gap","H01432","headword","חֲפוּרָה","חפורה-2","missing 1; 0 unnumbered: H01432/alt=2","false"
"X8 homograph numbering gap","H01579","headword","חָרֵב","חרב-3","missing 1; 1 unnumbered: H01579=2; H01580=—","false"
"X8 homograph numbering gap","I00057","headword","טְבִיעָה","טביעה-2","missing 1; 0 unnumbered: I00057=2","false"
"X8 homograph numbering gap","I00081","headword","טְבַע","טבע-6","missing 1; 2 unnumbered: I00077=—; I00079=—; I00081=2","false"
"X8 homograph numbering gap","I00082","headword","טִבְעָא","טבעא","missing 1; 0 unnumbered: I00082/alt=2","false"
"X8 homograph numbering gap","I00618","headword","טְעַן","טען-5","missing 1,2; 2 unnumbered: I00615=—; I00617=—; I00618=3","false"
"X8 homograph numbering gap","J00113","headword","יָהּ","יה-2","missing 1; 1 unnumbered: J00112=—; J00113=2","false"
"X8 homograph numbering gap","J00713","headword","יְתֵב","יתב-2","missing 1; 0 unnumbered: J00713=2","false"
"X8 homograph numbering gap","J00738","headword","יַתִּיר","יתיר-2","missing 1; 0 unnumbered: J00738=2","false"
"X8 homograph numbering gap","J00752","headword","יִתְרָא","יתרא-2","missing 1; 1 unnumbered: J00751=—; J00752=2","false"
"X8 homograph numbering gap","K00129","headword","כְּדָיי","כדיי-2","missing 1; 2 unnumbered: K00102=—; K00128/alt=—; K00129/alt=2","false"
"X8 homograph numbering gap","K00345","headword","כּוֹפֶר","כופר-3","missing 1; 1 unnumbered: K00344=—; K00345=2","false"
"X8 homograph numbering gap","K00877","headword","כִּנְּרָא","כנרא-2","missing 1; 1 unnumbered: K00876=—; K00877/alt=2","false"
"X8 homograph numbering gap","L00255","headword","לְוִיָּה","לויה-2","missing 1; 0 unnumbered: L00255/alt=2","false"
"X8 homograph numbering gap","L00290","headword","לוּן","לון-2","missing 1; 1 unnumbered: L00289=—; L00290=2","false"
"X8 homograph numbering gap","L00656","headword","לִפְתָּן","לפתן","missing 1; 3 unnumbered: L00653/alt=—; L00654/alt=—; L00656/alt=2; L00657/alt=—","false"
"X8 homograph numbering gap","L00694","headword","לָקִישׁ","לקיש-2","missing 1; 1 unnumbered: L00693=—; L00694=2","false"
"X8 homograph numbering gap","M00354","headword","מְהוּלְתָּא","מהולתא-2","missing 1; 0 unnumbered: M00354/alt=2","false"
"X8 homograph numbering gap","M00448","headword","מוֹזְלָא","מוזלא","missing 1; 0 unnumbered: M00448=2","false"
"X8 homograph numbering gap","M00725","headword","מַזֶּה","מזה","missing 1; 0 unnumbered: M00725=2","false"
"X8 homograph numbering gap","M01319","headword","מֵישְׁרָא","מישרא-2","missing 1; 1 unnumbered: M01318/alt=—; M01319=2","false"
"X8 homograph numbering gap","M01323","headword","מֵיתָא","מיתא-1","missing 1; 0 unnumbered: M01323/alt=2","false"
"X8 homograph numbering gap","M02008","headword","מְסַר","מסר-3","missing 1; 1 unnumbered: M02007=—; M02008=2","false"
"X8 homograph numbering gap","M02162","headword","מַעֲצַרְתָּא","מעצרתא-2","missing 1; 0 unnumbered: M02162=2","false"
"X8 homograph numbering gap","M02354","headword","מָצַר","מצר-3","missing 1; 0 unnumbered: M02354=2","false"
"X8 homograph numbering gap","M02358","headword","מֵצַר","מצר-7","missing 1; 20 unnumbered: M01393/alt=—; M01489/alt=—; M01524/alt=—; M01568/alt=—; M01574/alt=—; M01597/alt=—; M01766/alt=—; M01774/alt=—; M01786/alt=—; M01787/alt=—; M01796/alt=—; M01952/alt=—; M01991/alt=—; M02034/alt=—; M02039/alt=—; M02358/alt=2; M02360/alt=—; M02851/alt=2; M02919/alt=—; M02995/alt=—; M03015/alt=—; M03086/alt=—","false"
"X8 homograph numbering gap","M02547","headword","מַרְדּוּתָא","מרדותא-2","missing 1; 1 unnumbered: M02546=—; M02547=2","false"
"X8 homograph numbering gap","M02602","headword","מְרוּצָה","מרוצה-2","missing 1; 0 unnumbered: M02602=2","false"
"X8 homograph numbering gap","M02740","headword","מַרְעִיתָא","מרעיתא-1","missing 1; 0 unnumbered: M02740=2","false"
"X8 homograph numbering gap","M02850","headword","מְשַׁח","משח-5","missing 1,2; 2 unnumbered: M02847=—; M02849=—; M02850=3; M02851=4","false"
"X8 homograph numbering gap","N00186","headword","נְגַר","נגר-3","missing 1; 1 unnumbered: N00185=—; N00186=2","false"
"X8 homograph numbering gap","N00260","headword","נְהִי","נהי-2","missing 1; 0 unnumbered: N00260=2; N00261/alt=2","false"
"X8 homograph numbering gap","N00327","headword","נְוַול","נוול-5","missing 1,2; 1 unnumbered: N00327/alt=3; N00362/alt=—","false"
"X8 homograph numbering gap","N00343","headword","נוֹחַ","נוח-4","missing 1; 1 unnumbered: N00342=—; N00343=2; N00344=3","false"
"X8 homograph numbering gap","N00738","headword","נִיפְלָא","ניפלא-2","missing 1; 1 unnumbered: N00737=—; N00738=2","false"
"X8 homograph numbering gap","N00914","headword","נִסָּא","נסא-1","missing 1; 1 unnumbered: N00913/alt=—; N00914=2","false"
"X8 homograph numbering gap","N01196","headword","נָקִי","נקי-4","missing 1; 0 unnumbered: N01196=2","false"
"X8 homograph numbering gap","O00086","headword","סְבַר","סבר-3","missing 1; 1 unnumbered: O00085=—; O00086=2; O00087=3; O00090=4","false"
"X8 homograph numbering gap","O00122","headword","סְגֵי","סגי-3","missing 1,2; 2 unnumbered: O00120=—; O00121=—; O00122=3","false"
"X8 homograph numbering gap","O00124","headword","סַגִּי","סגי-5","missing 1; 1 unnumbered: O00123/alt=—; O00124/alt=2","false"
"X8 homograph numbering gap","O00156","headword","סִגְנָא","סגנא-1","missing 1; 1 unnumbered: O00155/alt=—; O00156=2; O00157=3","false"
"X8 homograph numbering gap","O00251","headword","סוּגְיָא","סוגיא","missing 1; 0 unnumbered: O00251/alt=2","false"
"X8 homograph numbering gap","O00352","headword","סוּמְּקָא","סומקא","missing 1; 1 unnumbered: O00351/alt=—; O00352=2","false"
"X8 homograph numbering gap","O00499","headword","סְטַן","סטן-3","missing 1; 1 unnumbered: O00498=—; O00499=2","false"
"X8 homograph numbering gap","O00563","headword","סִיגְנָא","סיגנא-1","missing 2; 1 unnumbered: O00563=1; O00564=—; O00565=3","false"
"X8 homograph numbering gap","O00564","headword","סִיגְנָא","סיגנא-2","missing 1; 1 unnumbered: O00564/alt=2; O00567/alt=—","false"
"X8 homograph numbering gap","O00580","headword","סִידּוּר","סידור-2","missing 1; 1 unnumbered: O00579=—; O00580=2","false"
"X8 homograph numbering gap","O00659","headword","סִילּוֹן","סילון-3","missing 1; 1 unnumbered: O00659/alt=2; O00662/alt=—","false"
"X8 homograph numbering gap","O00995","headword","סְלִיקוּסְתָּא","סליקוסתא-2","missing 1; 1 unnumbered: O00994=—; O00995=2","false"
"X8 homograph numbering gap","P00016","headword","עֲבַד","עבד-4","missing 1; 2 unnumbered: P00014/alt=—; P00016/alt=2; P00044/alt=—","false"
"X8 homograph numbering gap","P00219","headword","עוּזָּא","עוזא-2","missing 1; 0 unnumbered: P00219=2","false"
"X8 homograph numbering gap","P00230","headword","עִוְיָא","עויא-3","missing 1; 1 unnumbered: P00229=—; P00230=2","false"
"X8 homograph numbering gap","P00476","headword","עֲטַר","עטר-2","missing 2; 0 unnumbered: P00476=1; P00478=3","false"
"X8 homograph numbering gap","P00477","headword","עַטַר","עטר-3","missing 1; 0 unnumbered: P00477=2","false"
"X8 homograph numbering gap","P00596","headword","עִימְעוּם","עימעום-2","missing 1; 0 unnumbered: P00596/alt=2","false"
"X8 homograph numbering gap","P00837","headword","עִלְעֵל","עלעל-3","missing 1; 0 unnumbered: P00837/alt=2","false"
"X8 homograph numbering gap","P00860","headword","עֶמֶך","עמך-3","missing 1; 0 unnumbered: P00860/alt=2","false"
"X8 homograph numbering gap","P00959","headword","עֲנָוָה","ענוה-2","missing 1; 0 unnumbered: P00959=2","false"
"X8 homograph numbering gap","P01246","headword","עָרֵב","ערב-5","missing 2; 0 unnumbered: P01246=1; P01249=3","false"
"X8 homograph numbering gap","P01247","headword","עָרִב","ערב-6","missing 1; 0 unnumbered: P01247=2","false"
"X8 homograph numbering gap","P01418","headword","עִרְעֵר","ערער-2","missing 1; 1 unnumbered: P01417=—; P01418=2; P01420=3","false"
"X8 homograph numbering gap","Q00629","headword","פִּיטְמָא","פיטמא-2","missing 1; 1 unnumbered: Q00628=—; Q00629=2","false"
"X8 homograph numbering gap","Q00965","headword","פְּלוּגְתָּא","פלוגתא-2","missing 1; 1 unnumbered: Q00964=—; Q00965=2","false"
"X8 homograph numbering gap","Q01192","headword","פַּנְיָא","פניא-1","missing 1; 0 unnumbered: Q01192/alt=2","false"
"X8 homograph numbering gap","Q01193","headword","פַּנְיָא","פניא-2","missing 1,2; 2 unnumbered: Q01191/alt=—; Q01192=—; Q01193=3","false"
"X8 homograph numbering gap","Q01280","headword","פִּסְיוֹנָא","פסיונא","missing 1; 3 unnumbered: Q01229/alt=—; Q01280/alt=2; Q01281/alt=—; Q01309/alt=—","false"
"X8 homograph numbering gap","Q01320","headword","פְּסִיקְתָּא","פסיקתא-2","missing 1; 1 unnumbered: Q01319=—; Q01320=2","false"
"X8 homograph numbering gap","Q01399","headword","פַּפָּא","פפא-2","missing 1; 1 unnumbered: Q01398=—; Q01399=2","false"
"X8 homograph numbering gap","Q01863","headword","פִּרִכֵּס","פרכס-2","missing 1; 0 unnumbered: Q01863=2","false"
"X8 homograph numbering gap","Q02092","headword","פִּשְׁפֵּשׁ","פשפש-3","missing 1; 1 unnumbered: Q02090=—; Q02092=2","false"
"X8 homograph numbering gap","Q02095","headword","פִּשְׁפָּשׁ","פשפש-6","missing 1; 1 unnumbered: Q02094=—; Q02095=2; Q02096=3","false"
"X8 homograph numbering gap","R00293","headword","צִיבָּא","ציבא-2","missing 1; 1 unnumbered: R00292=—; R00293=2","false"
"X8 homograph numbering gap","R00608","headword","צִנָּה","צנה-2","missing 1; 2 unnumbered: R00607=—; R00608=2; R00609=—","false"
"X8 homograph numbering gap","R00615","headword","צִנּוֹרָא","צנורא-2","missing 1; 1 unnumbered: R00614=—; R00615=2; R00616=3","false"
"X8 homograph numbering gap","S00061","headword","קְבַל","קבל-5","missing 1,2; 2 unnumbered: S00058=—; S00060=—; S00061=3","false"
"X8 homograph numbering gap","S00064","headword","קְבל","קבל-8","missing 1,2,3; 0 unnumbered: S00064=4","false"
"X8 homograph numbering gap","S00337","headword","קוּלְיָא","קוליא-2","missing 1; 1 unnumbered: S00336=—; S00337=2","false"
"X8 homograph numbering gap","S00814","headword","קְטַף","קטף-5","missing 1; 1 unnumbered: S00814/alt=2; S00921=—","false"
"X8 homograph numbering gap","S01065","headword","קִיסְטָא","קיסטא","missing 1; 1 unnumbered: S01064/alt=—; S01065=2","false"
"X8 homograph numbering gap","S01321","headword","קָלִי","קלי-8","missing 1; 2 unnumbered: S01317=—; S01319=—; S01321/alt=2","false"
"X8 homograph numbering gap","S01975","headword","קָרָחָא","קרחא-2","missing 1; 1 unnumbered: S01973/alt=—; S01975=2","false"
"X8 homograph numbering gap","T00245","headword","רְדִי","רדי-5","missing 1,2; 3 unnumbered: T00229=—; T00242/alt=—; T00244/alt=—; T00245/alt=3","false"
"X8 homograph numbering gap","T00337","headword","רְוָוקָא","רווקא-2","missing 1; 1 unnumbered: T00336=—; T00337=2","false"
"X8 homograph numbering gap","T00376","headword","רוּם","רום-3","missing 1; 3 unnumbered: T00374=—; T00375=—; T00376=2; T00377=—","false"
"X8 homograph numbering gap","T00500","headword","רִחִים","רחים-4","missing 1; 0 unnumbered: T00500=2","false"
"X8 homograph numbering gap","T00776","headword","רִכְסָא","רכסא-2","missing 1; 39 unnumbered: T00053/alt=—; T00057/alt=—; T00065/alt=—; T00073/alt=—; T00111/alt=—; T00112/alt=—; T00131/alt=—; T00142/alt=—; T00159/alt=—; T00205/alt=—; T00206/alt=—; T00214/alt=—; T00219/alt=—; T00227/alt=—; T00228/alt=—; T00247/alt=—; T00282/alt=—; T00546/alt=—; T00656/alt=—; T00775/alt=—; T00776/alt=2; T00779/alt=—; T00793/alt=—; T00795/alt=—; T00796/alt=—; T00836/alt=—; T00844/alt=—; T00849/alt=—; T00858/alt=—; T00954/alt=—; T00962/alt=—; T00998/alt=—; T01012/alt=—; T01044/alt=—; T01103/alt=—; T01109/alt=—; T01110/alt=—; T01125/alt=—; T01142/alt=—; T01147/alt=—","false"
"X8 homograph numbering gap","T00893","headword","רְעִי","רעי-5","missing 1; 0 unnumbered: T00893/alt=2","false"
"X8 homograph numbering gap","T00895","headword","רְעִי","רעי-7","missing 1,2; 2 unnumbered: T00892=—; T00893=—; T00895=3","false"
"X8 homograph numbering gap","U00158","headword","שְׁבַע","שבע-4","missing 1; 1 unnumbered: U00156=—; U00158=2","false"
"X8 homograph numbering gap","U00379","headword","שׁוֹט","שוט-8","missing 1; 1 unnumbered: U00378=—; U00379=2","false"
"X8 homograph numbering gap","U00490","headword","שׁוּף","שוף-2","missing 1; 2 unnumbered: U00488=—; U00490=2; U00491=—; U00492=3","false"
"X8 homograph numbering gap","U00525","headword","שׁוּקָא","שוקא-3","missing 1; 1 unnumbered: U00524=—; U00525=2","false"
"X8 homograph numbering gap","U00628","headword","שָׁחוֹר","שחור-2","missing 1; 1 unnumbered: U00627=—; U00628=2","false"
"X8 homograph numbering gap","U00683","headword","שַׁחְפָּא","שחפא-2","missing 1; 1 unnumbered: U00682=—; U00683=2","false"
"X8 homograph numbering gap","U00710","headword","שְׁחַר","שחר-7","missing 1,2,3; 3 unnumbered: U00705=—; U00707=—; U00709=—; U00710=4","false"
"X8 homograph numbering gap","U00821","headword","שִׁידָּא","שידא-2","missing 1; 1 unnumbered: U00820=—; U00821=2","false"
"X8 homograph numbering gap","U00881","headword","שִׁיטָּא","שיטא-3","missing 1; 2 unnumbered: U00880=—; U00881=2; U00888/alt=—","false"
"X8 homograph numbering gap","U00882","headword","שִׁיטָּה","שיטה-1","missing 2; 1 unnumbered: U00732/alt=—; U00882/alt=1; U00884/alt=3","false"
"X8 homograph numbering gap","U00883","headword","שִׁיטָּה","שיטה-2","missing 1; 3 unnumbered: U00882=—; U00883=2; U00884=—; U00888/alt=—","false"
"X8 homograph numbering gap","U00910","headword","שְׁיָירָא","שיירא-1","missing 2; 2 unnumbered: U00910=1; U00911=—; U00912/alt=3; U00914/alt=—","false"
"X8 homograph numbering gap","U01007","headword","שִׁיפָה","שיפה-2","missing 1; 2 unnumbered: U01006=—; U01007=2; U01008=—","false"
"X8 homograph numbering gap","U01036","headword","שֵׁיצָיוּ","שיציו-2","missing 1; 1 unnumbered: U01035/alt=—; U01036=2","false"
"X8 homograph numbering gap","U01047","headword","שִׁיקּוּר","שיקור-2","missing 1; 1 unnumbered: U01046=—; U01047=2","false"
"X8 homograph numbering gap","U01139","headword","שְׁכַח","שכח-3","missing 1; 1 unnumbered: U01138=—; U01139=2","false"
"X8 homograph numbering gap","U01267","headword","שֶׁלַח","שלח-3","missing 2; 1 unnumbered: U01267=1; U01268=—; U01269=3; U01270=4","false"
"X8 homograph numbering gap","U01350","headword","שָׁלֵם","שלם-3","missing 1; 2 unnumbered: U01348=—; U01350=2; U01352=—","false"
"X8 homograph numbering gap","U01388","headword","שָׁלַשׁ","שלש-3","missing 1; 0 unnumbered: U01388/alt=2","false"
"X8 homograph numbering gap","U01393","headword","שִׁלְשׁוּל","שלשול-3","missing 1,2; 0 unnumbered: U01393/alt=3","false"
"X8 homograph numbering gap","U01397","headword","שִׁלְשֵׁל","שלשל-2","missing 1; 1 unnumbered: U01396=—; U01397=2","false"
"X8 homograph numbering gap","U01571","headword","שָׁנָה","שנה-2","missing 1; 2 unnumbered: U01570=—; U01571=2; U01585/alt=—","false"
"X8 homograph numbering gap","U01635","headword","שָׁעָה","שעה-2","missing 1; 3 unnumbered: U01634=—; U01635=2; U01652/alt=—; U01699/alt=—","false"
"X8 homograph numbering gap","U01687","headword","שַׁעַר","שער-9","missing 1; 1 unnumbered: U01686=—; U01687=2","false"
"X8 homograph numbering gap","U01774","headword","שְׁפַל","שפל-4","missing 1; 1 unnumbered: U01772=—; U01774=2","false"
"X8 homograph numbering gap","U02013","headword","שְׂרַף","שרף-11","missing 1; 2 unnumbered: U02004=—; U02006=—; U02013=2","false"
"X8 homograph numbering gap","U02022","headword","שְׁרַק","שרק-4","missing 1; 1 unnumbered: U02021=—; U02022=2; U02023=3","false"
"X8 homograph numbering gap","U02098","headword","שַׁתְיָא","שתיא-3","missing 1; 1 unnumbered: U02097=—; U02098=2","false"
"X8 homograph numbering gap","V00255","headword","תּוּף","תוף-2","missing 1; 1 unnumbered: V00254=—; V00255=2","false"
"X8 homograph numbering gap","V00523","headword","תַּכָּא","תכא-3","missing 1; 1 unnumbered: V00522/alt=—; V00523=2","false"
"X8 homograph numbering gap","V00543","headword","תִּכְלָא","תכלא-2","missing 1,2; 2 unnumbered: V00541/alt=—; V00542=—; V00543=3","false"
"X8 homograph numbering gap","V00744","headword","תְּנֵי","תני-3","missing 1; 1 unnumbered: V00743=—; V00744=2","false"
"X8 homograph numbering gap","V00808","headword","תָּפַח","תפח-1","missing 2; 1 unnumbered: V00808=1; V00809=—; V00810=3","false"
"X8 homograph numbering gap","V00845","headword","תְּפַס","תפס-3","missing 1; 1 unnumbered: V00844=—; V00845=2","false"
"X8 homograph numbering gap","V01023","headword","תַּרְנְגוֹלָא","תרנגולא","missing 1; 1 unnumbered: V01022/alt=—; V01023=2","false"
